state,naics2017,ai_firms_did_not_use,ai_firms_tested_but_did_not_use_in_production_or_service,ai_firms_low_use,ai_firms_moderate_use,ai_firms_high_use,ai_firms_dont_know,ai_firms_any_use,ai_firms_total,ai_adoption_rate
01,00,51572,179,696,803,356,4244,1855,59705,0.031069424671300562
02,00,11675,18,181,175,62,578,418,13107,0.03189135576409552
04,00,77752,482,1651,755,471,4457,2877,88445,0.03252869014641868
05,00,37110,112,660,338,233,2994,1231,42678,0.028843900838839684
06,00,535559,4268,10405,7378,3383,36518,21166,618677,0.034211713058671975
08,00,108747,704,2435,1701,582,5557,4718,124444,0.037912635402269294
09,00,50013,226,873,389,224,3691,1486,56902,0.026115075041299077
10,00,12857,152,652,254,141,1049,1047,16152,0.06482169390787519
11,00,7671,109,480,256,66,918,802,10302,0.07784896136672491
12,00,321459,1788,5691,4450,2032,17563,12173,365156,0.03333643702965308
13,00,125351,810,2672,1535,673,9563,4880,145484,0.033543207500481155
15,00,16849,72,535,185,0,1444,720,19805,0.036354455945468316
16,00,32450,143,462,283,87,2062,832,36319,0.02290811971695256
17,00,186978,1109,3244,2162,897,13471,6303,214164,0.029430716647055526
18,00,85833,267,1946,690,187,5191,2823,96937,0.029122007076761196
19,00,51303,144,969,573,308,3159,1850,58306,0.03172915308887593
20,00,45364,180,826,632,187,2719,1645,51553,0.031908909277830584
21,00,51659,221,869,614,174,3237,1657,58431,0.028358234498810562
22,00,55448,294,884,625,144,3212,1653,62260,0.026549951814969483
24,00,79067,607,1447,1093,391,4627,2931,90163,0.03250779144438406
23,00,23560,77,577,206,0,1111,783,26314,0.029756023409591853
25,00,99613,637,1735,1005,184,5418,2924,111516,0.02622045267046881
26,00,131551,717,1938,1441,324,8007,3703,147681,0.025074315585620358
27,00,95053,434,1991,1143,279,4105,3413,106418,0.032071642015448515
28,00,30046,98,594,460,106,2061,1160,34525,0.03359884141926141
29,00,83449,478,1419,730,257,4279,2406,93018,0.025865961426820617
30,00,26314,72,588,304,76,976,968,29298,0.03303979793842583
31,00,37794,162,669,270,148,1983,1087,42113,0.02581150713556384
32,00,35288,236,779,496,142,2219,1417,40577,0.03492126081277571
34,00,130751,910,2843,1575,629,9755,5047,151510,0.0333113325853079
33,00,23372,58,497,146,92,1141,735,26041,0.028224722552897354
36,00,286571,1781,5265,2712,1190,22828,9167,329514,0.027819758796287865
35,00,23721,64,239,350,192,1425,781,26772,0.029172269535335426
37,00,138463,519,2558,1368,533,8063,4459,155963,0.028590114321986625
38,00,16314,71,190,132,0,1125,322,18154,0.017737137820865924
39,00,139492,714,2658,1877,464,8579,4999,158783,0.03148321923631623
40,00,52838,305,891,441,357,3157,1689,59678,0.02830188679245283
41,00,74690,419,1204,785,376,3869,2365,83708,0.02825297462608114
42,00,172123,775,2930,1691,788,9551,5409,193267,0.02798718870784976
45,00,60746,229,1352,657,192,3500,2201,68877,0.03195551490337849
44,00,16087,109,187,126,0,831,313,17653,0.017730697331898262
46,00,17708,0,240,332,0,991,572,19843,0.02882628634783047
47,00,69039,308,1620,989,225,4519,2834,79534,0.035632559660019616
48,00,297329,1552,5721,3915,1810,18370,11446,340143,0.03365055285571068
49,00,51858,186,1027,435,350,2613,1812,58281,0.03109074998713131
50,00,13137,31,196,154,0,656,350,14524,0.024098044615808317
53,00,115522,608,1818,1077,626,5767,3521,128939,0.027307486485857655
51,00,113660,864,2059,1325,644,6675,4028,129255,0.031163204518200458
54,00,19198,103,407,161,0,1255,568,21692,0.026184768578277708
55,00,91885,524,1765,801,409,4092,2975,102451,0.02903827195439771
56,00,13280,49,290,45,0,735,335,14734,0.022736527758924936
01,11,0,0,0,0,0,0,0,0,NA
02,11,0,0,0,0,0,0,0,0,NA
04,11,0,0,0,0,0,0,0,0,NA
05,11,473,0,0,0,0,0,0,473,0
06,11,2285,0,0,0,0,0,0,2285,0
08,11,0,0,0,0,0,0,0,0,NA
09,11,0,0,0,0,0,0,0,0,NA
10,11,0,0,0,0,0,0,0,0,NA
11,11,0,0,0,0,0,0,0,0,NA
12,11,890,0,0,0,0,0,0,890,0
13,11,0,0,0,0,0,0,0,0,NA
15,11,0,0,0,0,0,0,0,0,NA
16,11,0,0,0,0,0,0,0,0,NA
17,11,0,0,0,0,0,0,0,0,NA
18,11,0,0,0,0,0,0,0,0,NA
19,11,587,0,0,0,0,0,0,587,0
20,11,0,0,0,0,0,0,0,0,NA
21,11,0,0,0,0,0,0,0,0,NA
22,11,436,0,0,0,0,0,0,436,0
24,11,0,0,0,0,0,0,0,0,NA
23,11,635,0,0,0,0,0,0,635,0
25,11,0,0,0,0,0,0,0,0,NA
26,11,0,0,0,0,0,0,0,0,NA
27,11,0,0,0,0,0,0,0,0,NA
28,11,351,0,0,0,0,0,0,351,0
29,11,0,0,0,0,0,0,0,0,NA
30,11,0,0,0,0,0,0,0,0,NA
31,11,0,0,0,0,0,0,0,0,NA
32,11,0,0,0,0,0,0,0,0,NA
34,11,0,0,0,0,0,0,0,0,NA
33,11,0,0,0,0,0,0,0,0,NA
36,11,617,0,0,0,0,0,0,617,0
35,11,0,0,0,0,0,0,0,0,NA
37,11,498,0,0,0,0,0,0,498,0
38,11,0,0,0,0,0,0,0,0,NA
39,11,0,0,0,0,0,0,0,0,NA
40,11,0,0,0,0,0,0,0,0,NA
41,11,1281,0,0,0,0,0,0,1281,0
42,11,0,0,0,0,0,0,0,0,NA
45,11,0,0,0,0,0,0,0,0,NA
44,11,0,0,0,0,0,0,0,0,NA
46,11,0,0,0,0,0,0,0,0,NA
47,11,0,0,0,0,0,0,0,0,NA
48,11,1050,0,0,0,0,0,0,1050,0
49,11,0,0,0,0,0,0,0,0,NA
50,11,0,0,0,0,0,0,0,0,NA
53,11,1242,0,0,0,0,0,0,1242,0
51,11,0,0,0,0,0,0,0,0,NA
54,11,0,0,0,0,0,0,0,0,NA
55,11,835,0,0,0,0,0,0,835,0
56,11,0,0,0,0,0,0,0,0,NA
01,21,54,0,0,0,0,0,0,54,0
02,21,68,0,0,0,0,0,0,68,0
04,21,81,0,0,0,0,0,0,81,0
05,21,279,0,0,0,0,0,0,279,0
06,21,288,0,0,0,0,0,0,288,0
08,21,637,0,0,0,0,30,0,667,0
09,21,0,0,0,0,0,0,0,0,NA
10,21,0,0,0,0,0,0,0,0,NA
11,21,0,0,0,0,0,0,0,0,NA
12,21,107,0,0,0,0,0,0,107,0
13,21,56,0,0,0,0,0,0,56,0
15,21,0,0,0,0,0,0,0,0,NA
16,21,41,0,0,0,0,0,0,41,0
17,21,390,0,0,0,0,0,0,390,0
18,21,85,0,0,0,0,0,0,85,0
19,21,46,0,0,0,0,0,0,46,0
20,21,0,0,0,0,0,0,0,0,NA
21,21,322,0,0,0,0,0,0,322,0
22,21,954,0,0,0,0,24,0,978,0
24,21,0,0,0,0,0,0,0,0,NA
23,21,0,0,0,0,0,0,0,0,NA
25,21,0,0,0,0,0,0,0,0,NA
26,21,225,0,0,0,0,0,0,225,0
27,21,98,0,0,0,0,0,0,98,0
28,21,218,0,0,0,0,0,0,218,0
29,21,123,0,0,0,0,0,0,123,0
30,21,187,0,0,0,0,0,0,187,0
31,21,73,0,0,0,0,0,0,73,0
32,21,124,0,0,0,0,0,0,124,0
34,21,24,0,0,0,0,0,0,24,0
33,21,0,0,0,0,0,0,0,0,NA
36,21,139,0,0,0,0,0,0,139,0
35,21,367,0,0,0,0,0,0,367,0
37,21,63,0,0,0,0,0,0,63,0
38,21,290,0,0,0,0,19,0,309,0
39,21,326,0,0,0,0,0,0,326,0
40,21,2000,0,0,0,0,30,0,2030,0
41,21,62,0,0,0,0,0,0,62,0
42,21,548,0,0,0,0,0,0,548,0
45,21,0,0,0,0,0,0,0,0,NA
44,21,0,0,0,0,0,0,0,0,NA
46,21,32,0,0,0,0,0,0,32,0
47,21,137,0,0,0,0,0,0,137,0
48,21,4312,0,77,0,0,227,77,4693,0.01640741529938206
49,21,261,0,0,0,0,0,0,261,0
50,21,0,0,0,0,0,0,0,0,NA
53,21,77,0,0,0,0,0,0,77,0
51,21,127,0,0,0,0,0,0,127,0
54,21,226,0,0,0,0,0,0,226,0
55,21,0,0,0,0,0,0,0,0,NA
56,21,447,0,0,0,0,25,0,472,0
01,22,28,0,0,0,0,0,0,28,0
02,22,19,0,0,0,0,0,0,19,0
04,22,121,0,0,0,0,0,0,121,0
05,22,28,0,0,0,0,0,0,28,0
06,22,214,0,0,0,0,35,0,249,0
08,22,79,0,0,0,0,0,0,79,0
09,22,21,0,0,0,0,0,0,21,0
10,22,0,0,0,0,0,0,0,0,NA
11,22,14,0,0,0,0,0,0,14,0
12,22,0,0,0,0,0,0,0,0,NA
13,22,63,0,0,0,0,0,0,63,0
15,22,0,0,0,0,0,0,0,0,NA
16,22,69,0,0,0,0,0,0,69,0
17,22,59,0,0,0,0,0,0,59,0
18,22,39,0,0,0,0,0,0,39,0
19,22,0,0,0,0,0,0,0,0,NA
20,22,28,0,0,0,0,0,0,28,0
21,22,43,0,0,0,0,0,0,43,0
22,22,59,0,0,0,0,0,0,59,0
24,22,34,0,0,0,0,0,0,34,0
23,22,25,0,0,0,0,0,0,25,0
25,22,36,0,0,0,0,0,0,36,0
26,22,47,0,0,0,0,0,0,47,0
27,22,53,0,0,0,0,0,0,53,0
28,22,71,0,0,0,0,0,0,71,0
29,22,31,0,0,0,0,0,0,31,0
30,22,0,0,0,0,0,0,0,0,NA
31,22,0,0,0,0,0,0,0,0,NA
32,22,0,0,0,0,0,0,0,0,NA
34,22,44,0,0,0,0,0,0,44,0
33,22,30,0,0,0,0,0,0,30,0
36,22,158,0,0,0,0,31,0,189,0
35,22,37,0,0,0,0,0,0,37,0
37,22,74,0,0,0,0,0,0,74,0
38,22,19,0,0,0,0,0,0,19,0
39,22,71,0,0,0,0,0,0,71,0
40,22,50,0,0,0,0,0,0,50,0
41,22,59,0,0,0,0,0,0,59,0
42,22,124,0,0,0,0,37,0,161,0
45,22,0,0,0,0,0,0,0,0,NA
44,22,0,0,0,0,0,0,0,0,NA
46,22,0,0,0,0,0,0,0,0,NA
47,22,19,0,0,0,0,0,0,19,0
48,22,300,0,0,0,0,36,0,336,0
49,22,52,0,0,0,0,0,0,52,0
50,22,66,0,0,0,0,0,0,66,0
53,22,71,0,0,0,0,0,0,71,0
51,22,26,0,0,0,0,0,0,26,0
54,22,29,0,0,0,0,0,0,29,0
55,22,38,0,0,0,0,0,0,38,0
56,22,17,0,0,0,0,0,0,17,0
01,23,6569,0,0,0,0,244,0,6813,0
02,23,1920,0,0,0,0,0,0,1920,0
04,23,10454,0,124,0,0,648,124,11350,0.01092511013215859
05,23,3857,0,0,0,0,0,0,3857,0
06,23,56254,0,568,613,0,2747,1181,61363,0.019246125515375714
08,23,15988,0,0,0,0,485,0,16473,0
09,23,5773,0,0,0,0,0,0,5773,0
10,23,1826,0,0,0,0,0,0,1826,0
11,23,411,0,0,0,0,0,0,411,0
12,23,38178,0,225,0,0,1786,225,40414,0.005567377641411392
13,23,14722,0,94,0,0,883,94,15793,0.005952004052428291
15,23,2204,0,0,0,0,277,0,2481,0
16,23,5701,0,0,0,0,0,0,5701,0
17,23,24188,0,0,0,0,1286,0,25474,0
18,23,11169,0,0,0,0,465,0,11634,0
19,23,7339,0,0,0,0,111,0,7450,0
20,23,5738,0,0,0,0,0,0,5738,0
21,23,5109,0,0,0,0,0,0,5109,0
22,23,5085,0,0,0,0,336,0,5421,0
24,23,11632,0,0,0,0,288,0,11920,0
23,23,3718,0,0,0,0,0,0,3718,0
25,23,16403,0,0,0,0,834,0,17237,0
26,23,17475,0,0,0,0,371,0,17846,0
27,23,15490,0,0,0,0,581,0,16071,0
28,23,3400,0,0,0,0,0,0,3400,0
29,23,9920,0,211,0,0,289,211,10631,0.01984761546420845
30,23,4944,0,0,0,0,0,0,4944,0
31,23,6286,0,0,0,0,0,0,6286,0
32,23,3501,0,0,0,0,193,0,3694,0
34,23,17241,0,0,0,0,387,0,17628,0
33,23,3359,0,0,0,0,0,0,3359,0
36,23,32797,0,488,0,0,1505,488,35278,0.013832983729236352
35,23,2802,0,0,0,0,0,0,2802,0
37,23,20738,0,183,0,0,1130,183,22234,0.008230637761986147
38,23,1905,0,0,0,0,0,0,1905,0
39,23,17626,0,370,0,0,626,370,18992,0.019481887110362257
40,23,6566,0,0,0,0,370,0,6936,0
41,23,11388,0,0,0,0,0,0,11388,0
42,23,22929,0,0,0,0,659,0,23588,0
45,23,8155,0,0,0,0,232,0,8387,0
44,23,2353,0,0,0,0,0,0,2353,0
46,23,2885,0,0,0,0,0,0,2885,0
47,23,7479,0,0,0,0,399,0,7878,0
48,23,35798,0,366,0,0,2242,366,38772,0.009439801918910555
49,23,8148,0,0,0,0,0,0,8148,0
50,23,0,0,0,0,0,0,0,0,NA
53,23,18765,0,0,0,0,546,0,19311,0
51,23,15975,0,114,0,0,484,114,16687,0.006831665368250734
54,23,2060,0,0,0,0,0,0,2060,0
55,23,14666,0,0,0,0,388,0,15054,0
56,23,2250,0,0,0,0,0,0,2250,0
01,31-33,3043,26,59,26,0,328,85,3567,0.02382954864031399
02,31-33,270,0,0,0,0,0,0,270,0
04,31-33,3077,0,50,32,0,173,82,3414,0.02401874633860574
05,31-33,1706,0,37,27,0,213,64,2047,0.03126526624328285
06,31-33,25653,232,431,365,189,1989,985,29844,0.03300495912076129
08,31-33,3905,20,86,42,0,252,128,4433,0.028874351454996616
09,31-33,2932,0,62,0,0,312,62,3368,0.01840855106888361
10,31-33,304,0,0,0,0,0,0,304,0
11,31-33,59,0,0,0,0,0,0,59,0
12,31-33,9368,24,183,108,0,457,291,10431,0.027897612884670693
13,31-33,4833,30,152,78,0,332,230,5655,0.040671971706454466
15,31-33,571,0,0,0,0,0,0,571,0
16,31-33,1414,0,16,0,0,67,16,1513,0.010575016523463317
17,31-33,9714,58,219,88,0,700,307,11086,0.027692585242648386
18,31-33,6047,27,111,95,0,519,206,7005,0.02940756602426838
19,31-33,2205,0,148,0,0,259,148,2760,0.0536231884057971
20,31-33,2144,0,19,22,0,166,41,2392,0.017140468227424748
21,31-33,2545,23,95,32,0,151,127,2973,0.042717793474604776
22,31-33,2131,0,42,0,0,193,42,2408,0.01744186046511628
24,31-33,2173,0,25,33,0,141,58,2430,0.023868312757201648
23,31-33,1164,0,0,0,0,92,0,1256,0
25,31-33,4741,0,79,30,0,417,109,5376,0.02027529761904762
26,31-33,9195,46,320,149,20,746,489,10965,0.04459644322845417
27,31-33,5246,74,162,138,0,395,300,6315,0.047505938242280284
28,31-33,1455,0,70,49,0,68,119,1761,0.06757524134014764
29,31-33,4034,17,71,32,0,296,103,4553,0.022622446738414233
30,31-33,1097,0,0,0,0,52,0,1149,0
31,31-33,0,0,42,0,0,75,42,159,0.2641509433962264
32,31-33,1127,0,23,0,0,109,23,1282,0.01794071762870515
34,31-33,5137,37,69,39,0,418,108,5808,0.01859504132231405
33,31-33,1407,0,0,0,0,80,0,1487,0
35,31-33,1104,0,0,0,0,54,0,1158,0
36,31-33,10006,41,199,189,0,573,388,11396,0.03404703404703405
37,31-33,6247,26,83,147,0,429,230,7162,0.032113934655124264
38,31-33,559,0,18,0,0,30,18,625,0.0288
39,31-33,10108,78,334,200,0,586,534,11840,0.04510135135135135
40,31-33,2540,18,54,27,0,150,81,2870,0.028222996515679444
41,31-33,4365,0,50,68,0,214,118,4815,0.0245067497403946
42,31-33,9621,40,192,91,0,674,283,10901,0.025960921016420512
45,31-33,2916,0,51,31,0,274,82,3354,0.024448419797257006
44,31-33,725,0,0,0,0,54,0,779,0
46,31-33,710,0,0,0,0,81,0,791,0
47,31-33,3901,27,139,32,0,285,171,4555,0.03754116355653128
48,31-33,13222,48,231,187,64,768,482,15002,0.03212904946007199
49,31-33,2697,0,0,0,0,94,0,2791,0
50,31-33,737,0,0,0,0,39,0,776,0
53,31-33,5320,0,55,34,0,350,89,5848,0.015218878248974008
51,31-33,3571,77,71,42,0,221,113,4095,0.027594627594627594
54,31-33,819,0,0,0,0,45,0,864,0
55,31-33,6578,72,277,76,0,374,353,7730,0.04566623544631307
56,31-33,380,0,0,0,0,34,0,414,0
01,42,3326,0,37,131,0,332,168,3994,0.04206309464196294
02,42,307,0,0,0,0,71,0,378,0
04,42,3982,18,71,28,0,263,99,4461,0.02219233355749832
05,42,2313,0,39,20,0,154,59,2585,0.022823984526112187
06,42,37001,257,709,362,144,3258,1215,42946,0.028291342616308852
08,42,5237,18,54,70,0,132,124,5635,0.022005323868677908
09,42,2693,0,36,76,0,114,112,3031,0.03695150115473441
10,42,742,0,17,0,0,45,17,821,0.020706455542021926
11,42,138,0,0,0,0,24,0,162,0
12,42,20935,46,328,117,0,1054,445,22925,0.01941112322791712
13,42,8453,70,141,86,0,635,227,9612,0.02361631294215564
15,42,1262,0,14,0,0,124,14,1414,0.009900990099009901
16,42,1270,0,42,0,0,108,42,1462,0.028727770177838577
17,42,11016,27,68,117,0,1055,185,12468,0.014837985242220084
18,42,5129,18,166,29,0,463,195,6000,0.0325
19,42,2780,0,88,0,0,311,88,3267,0.026936026936026935
20,42,2496,0,49,19,0,207,68,2839,0.023952095808383235
21,42,3064,16,29,21,0,181,50,3361,0.01487652484379649
22,42,0,18,98,0,0,266,98,480,0.20416666666666666
23,42,1025,0,18,0,0,42,18,1103,0.016319129646418858
24,42,3327,32,131,18,0,207,149,3864,0.038561076604554864
25,42,4727,0,112,23,0,434,135,5431,0.024857300681274168
26,42,7761,29,60,87,0,708,147,8792,0.016719745222929936
27,42,5637,20,110,22,0,366,132,6287,0.02099570542389057
28,42,1517,0,24,0,0,171,24,1736,0.013824884792626729
29,42,4829,20,42,32,0,356,74,5353,0.013824023911825144
30,42,924,0,14,0,0,42,14,994,0.014084507042253521
31,42,1705,0,24,0,0,150,24,1903,0.012611665790856543
32,42,1987,0,64,24,0,133,88,2296,0.03832752613240418
34,42,9981,24,252,113,0,576,365,11311,0.032269472195208204
33,42,1407,0,21,0,0,121,21,1570,0.01337579617834395
35,42,1179,0,24,30,0,50,54,1337,0.04038893044128646
36,42,18090,145,367,65,0,1518,432,20617,0.020953581995440656
37,42,8064,44,179,92,0,449,271,9099,0.02978349269150456
38,42,991,0,25,0,0,39,25,1080,0.023148148148148147
39,42,8560,33,265,136,0,407,401,9802,0.04091001836359927
40,42,2461,0,60,18,0,225,78,2842,0.02744546094299789
41,42,3693,0,82,36,0,169,118,4098,0.02879453391898487
42,42,9816,32,174,85,0,525,259,10891,0.02378110366357543
45,42,3135,17,80,32,0,214,112,3590,0.03119777158774373
44,42,685,0,16,0,0,66,16,783,0.020434227330779056
46,42,869,0,0,0,0,51,0,920,0
47,42,3815,17,81,36,0,341,117,4407,0.02654867256637168
48,42,17979,0,209,274,0,1029,483,19974,0.024181435866626615
49,42,2012,27,35,37,0,117,72,2300,0.03130434782608696
50,42,498,0,0,0,0,73,0,571,0
51,42,4574,16,54,25,0,236,79,4984,0.01585072231139647
53,42,6118,21,83,77,0,201,160,6660,0.024024024024024024
54,42,689,0,15,0,0,51,15,770,0.01948051948051948
55,42,4301,0,113,90,0,479,203,5186,0.039143848823756267
56,42,335,0,0,0,0,22,0,357,0
01,44-45,7789,0,221,111,0,847,332,9300,0.035698924731182795
02,44-45,1173,0,0,0,0,63,0,1236,0
04,44-45,7006,0,26,13,0,159,39,7243,0.005384509181278476
05,44-45,5978,0,122,0,0,408,122,6630,0.018401206636500755
06,44-45,53635,239,702,288,0,3150,990,59004,0.016778523489932886
08,44-45,11235,0,135,136,0,466,271,12243,0.02213509760679572
09,44-45,5882,0,124,18,0,494,142,6660,0.02132132132132132
10,44-45,1699,0,21,0,0,153,21,1894,0.011087645195353749
12,44-45,34425,0,744,486,0,2433,1230,39318,0.03128338165725622
11,44-45,510,0,0,0,0,120,0,630,0
13,44-45,15417,0,394,180,0,1530,574,18095,0.03172147001934236
15,44-45,2528,0,74,0,0,360,74,3036,0.024374176548089592
16,44-45,3542,0,27,0,0,301,27,3897,0.006928406466512702
17,44-45,18121,0,458,359,0,1615,817,21370,0.03823116518483856
18,44-45,11306,0,160,14,0,482,174,12136,0.014337508239947264
19,44-45,6862,0,116,123,0,707,239,8047,0.029700509506648442
20,44-45,5759,0,70,69,0,219,139,6256,0.022218670076726343
21,44-45,8059,0,109,0,0,424,109,8701,0.01252729571313642
22,44-45,7839,0,112,15,0,412,127,8505,0.014932392710170488
23,44-45,3994,0,19,0,0,187,19,4219,0.004503436833372837
24,44-45,8485,0,115,144,0,642,259,9645,0.02685329186106791
25,44-45,12420,0,124,163,0,788,287,13782,0.020824263532143377
26,44-45,17851,0,123,0,0,1372,123,19469,0.006317735887821665
27,44-45,9519,0,178,73,0,454,251,10475,0.0239618138424821
28,44-45,5770,0,73,129,0,470,202,6644,0.030403371462974112
29,44-45,11168,0,169,129,0,546,298,12310,0.024207961007311127
30,44-45,2929,0,0,0,0,132,0,3061,0
31,44-45,4604,0,176,0,0,389,176,5345,0.03292797006548176
32,44-45,3630,0,122,13,0,234,135,4134,0.03265602322206096
34,44-45,14860,0,251,0,0,1992,251,17354,0.014463524259536707
33,44-45,2955,0,18,0,0,229,18,3220,0.0055900621118012426
35,44-45,3047,0,19,0,0,275,19,3360,0.005654761904761905
36,44-45,36764,192,461,239,0,3627,700,41983,0.016673415430055023
37,44-45,17127,0,224,153,0,1574,377,19455,0.01937805191467489
38,44-45,2240,0,0,0,0,188,0,2428,0
39,44-45,15067,0,313,81,0,1463,394,17318,0.02275089502251992
40,44-45,6950,0,115,161,0,310,276,7812,0.03533026113671275
41,44-45,8829,0,121,0,0,333,121,9404,0.012866865163760103
42,44-45,22018,127,274,116,0,1190,390,24115,0.016172506738544475
45,44-45,8649,0,303,127,0,378,430,9887,0.04349145342368767
44,44-45,2260,0,69,0,0,100,69,2498,0.027622097678142513
46,44-45,2481,0,62,0,0,76,62,2681,0.023125699365908244
47,44-45,10736,0,336,194,0,753,530,12549,0.04223444099131405
48,44-45,33367,160,446,380,0,1944,826,37123,0.022250356921585
49,44-45,5136,0,118,0,0,523,118,5895,0.02001696352841391
50,44-45,1823,0,0,0,0,95,0,1918,0
51,44-45,12198,0,178,64,0,896,242,13578,0.01782294888790691
53,44-45,11897,0,167,0,0,554,167,12785,0.013062182244818147
54,44-45,2797,0,85,0,0,359,85,3326,0.02555622369212267
55,44-45,10568,0,74,107,0,163,181,11093,0.01631659605156405
56,44-45,1688,0,0,0,0,64,0,1752,0
01,48-49,1901,0,13,24,0,126,37,2101,0.017610661589719183
02,48-49,756,0,0,0,0,45,0,801,0
04,48-49,1866,0,62,18,0,241,80,2267,0.035288928098809
05,48-49,1768,0,0,0,0,269,0,2037,0
06,48-49,14298,20,243,229,0,1439,472,16701,0.028261780731692714
08,48-49,2566,0,95,84,0,126,179,3050,0.05868852459016394
09,48-49,780,0,0,0,0,136,0,916,0
10,48-49,506,0,0,0,0,39,0,545,0
12,48-49,8771,22,127,247,0,813,374,10354,0.03612130577554568
11,48-49,63,0,0,0,0,0,0,63,0
13,48-49,3637,19,43,37,0,296,80,4112,0.019455252918287938
15,48-49,516,0,0,0,0,0,0,516,0
16,48-49,1443,0,0,0,0,75,0,1518,0
17,48-49,10635,90,206,171,0,1384,377,12863,0.02930887040348286
18,48-49,4083,0,134,83,0,285,217,4802,0.04518950437317784
19,48-49,3073,0,0,0,0,0,0,3073,0
20,48-49,1872,0,23,0,0,107,23,2025,0.011358024691358024
21,48-49,2177,0,21,0,0,217,21,2436,0.008620689655172414
22,48-49,2052,0,31,23,0,141,54,2301,0.02346805736636245
23,48-49,964,0,0,0,0,26,0,990,0
24,48-49,2367,0,34,33,0,103,67,2604,0.02572964669738863
25,48-49,2086,0,26,0,0,164,26,2302,0.011294526498696786
26,48-49,4489,0,19,28,0,396,47,4979,0.009439646515364532
27,48-49,3791,0,22,21,0,0,43,3877,0.011091049780758318
28,48-49,1243,0,0,0,0,129,0,1372,0
29,48-49,3530,0,27,22,0,276,49,3904,0.012551229508196721
30,48-49,1033,0,0,0,0,0,0,1033,0
31,48-49,1926,0,17,0,0,100,17,2060,0.00825242718446602
32,48-49,933,0,23,31,0,22,54,1063,0.05079962370649106
34,48-49,4144,0,66,0,0,250,66,4526,0.014582412726469289
33,48-49,563,0,0,0,0,0,0,563,0
35,48-49,677,0,0,0,0,45,0,722,0
36,48-49,6800,0,67,154,0,715,221,7957,0.027774286791504336
37,48-49,4005,0,71,133,0,358,204,4771,0.04275833158666946
38,48-49,1058,0,0,0,0,0,0,1058,0
39,48-49,4805,0,64,30,0,324,94,5317,0.0176791423735189
40,48-49,1976,0,81,14,0,115,95,2281,0.04164839982463832
41,48-49,2148,0,33,77,0,70,110,2438,0.045118949958982774
42,48-49,5710,69,34,0,0,579,34,6426,0.005291005291005291
45,48-49,1627,0,0,0,0,0,0,1627,0
44,48-49,421,0,0,0,0,20,0,441,0
46,48-49,1124,0,0,0,0,84,0,1208,0
47,48-49,2435,0,20,19,0,219,39,2732,0.014275256222547585
48,48-49,9616,106,239,174,0,1048,413,11596,0.0356157295619179
49,48-49,1670,0,29,0,0,0,29,1728,0.01678240740740741
50,48-49,325,0,0,0,0,0,0,325,0
51,48-49,3176,0,17,0,0,0,17,3210,0.00529595015576324
53,48-49,3788,33,40,74,0,184,114,4233,0.026931254429482635
54,48-49,758,0,0,0,0,0,0,758,0
55,48-49,4673,0,81,15,0,183,96,5048,0.01901743264659271
56,48-49,585,0,0,0,0,46,0,631,0
01,51,467,0,18,0,0,54,18,557,0.03231597845601436
02,51,95,0,0,0,0,0,0,95,0
04,51,945,0,29,35,0,162,64,1235,0.051821862348178135
05,51,451,0,0,0,0,56,0,507,0
06,51,11480,508,338,208,251,862,797,14444,0.05517862088064248
08,51,1457,67,59,43,58,106,160,1950,0.08205128205128205
09,51,727,0,0,0,0,72,0,799,0
10,51,131,0,0,0,0,26,0,157,0
12,51,3767,169,103,97,77,251,277,4741,0.058426492301202275
11,51,205,0,0,0,0,42,0,247,0
13,51,1643,31,134,50,33,202,217,2310,0.09393939393939393
15,51,177,0,0,0,0,24,0,201,0
16,51,430,0,0,0,0,42,0,472,0
18,51,872,0,36,0,0,77,36,1021,0.03525954946131244
17,51,2097,35,136,57,54,249,247,2875,0.08591304347826087
19,51,597,0,0,0,0,43,0,640,0
20,51,459,0,0,0,0,31,0,490,0
21,51,569,0,26,0,0,53,26,674,0.03857566765578635
22,51,469,0,0,0,0,53,0,522,0
23,51,289,0,0,0,0,38,0,327,0
24,51,1018,0,28,28,0,112,56,1242,0.04508856682769726
25,51,1476,49,62,53,21,135,136,1932,0.07039337474120083
26,51,1480,75,79,39,0,196,118,1987,0.059386009058882736
27,51,1156,0,64,121,0,84,185,1610,0.11490683229813664
28,51,171,0,0,0,0,55,0,226,0
29,51,926,0,48,37,0,57,85,1153,0.07372072853425846
30,51,307,0,0,0,0,22,0,329,0
31,51,254,0,25,0,0,64,25,368,0.06793478260869565
32,51,582,0,21,28,0,48,49,728,0.0673076923076923
34,51,1246,88,82,41,45,131,168,1801,0.09328151027207107
33,51,273,0,0,0,0,17,0,290,0
35,51,343,0,0,0,0,14,0,357,0
36,51,4559,81,133,124,66,347,323,5633,0.057340671045624
37,51,1408,32,62,30,20,115,112,1779,0.0629567172568859
38,51,131,0,0,0,0,37,0,168,0
39,51,1195,31,62,20,0,199,82,1589,0.051604782882315924
40,51,664,0,0,0,0,50,0,714,0
41,51,879,0,55,43,0,108,98,1183,0.08284023668639054
42,51,1231,24,162,90,0,90,252,1849,0.13628988642509465
44,51,0,0,0,0,0,0,0,0,NA
45,51,447,0,71,0,0,72,71,661,0.10741301059001512
46,51,191,0,0,0,0,35,0,226,0
47,51,1079,0,31,33,0,84,64,1291,0.049573973663826494
48,51,3400,84,94,135,47,264,276,4300,0.0641860465116279
49,51,763,0,42,0,0,97,42,944,0.04449152542372881
50,51,171,0,0,0,0,19,0,190,0
51,51,1321,49,117,46,33,127,196,1889,0.10375860243515088
53,51,1387,89,123,87,56,164,266,2172,0.12246777163904236
54,51,138,0,0,0,0,17,0,155,0
55,51,702,0,0,15,0,44,15,776,0.019329896907216496
56,51,155,0,0,0,0,16,0,171,0
01,52,1988,0,112,0,0,175,112,2387,0.0469208211143695
02,52,299,0,0,0,0,0,0,299,0
04,52,3961,18,224,107,0,222,331,4863,0.06806498046473371
05,52,1725,0,26,16,0,169,42,1978,0.021233569261880688
06,52,20113,95,520,297,189,1573,1006,23793,0.04228134325221704
08,52,4464,22,124,21,0,368,145,5144,0.028188180404354588
09,52,2194,0,103,17,0,381,120,2815,0.04262877442273535
10,52,634,0,88,0,0,134,88,944,0.09322033898305085
12,52,12841,102,374,321,0,809,695,15142,0.04589882446176199
11,52,209,0,0,0,0,80,0,289,0
13,52,5714,94,225,199,0,428,424,7084,0.059853190287972896
15,52,542,0,0,0,0,0,0,542,0
16,52,921,0,52,0,0,79,52,1104,0.04710144927536232
17,52,8952,108,246,158,0,756,404,10624,0.03802710843373494
18,52,0,13,35,66,0,384,101,599,0.1686143572621035
19,52,3138,13,82,0,0,291,82,3606,0.02273987798114254
20,52,2683,13,66,136,0,350,202,3450,0.058550724637681156
21,52,2546,0,30,0,0,132,30,2738,0.01095690284879474
22,52,2534,0,62,85,0,122,147,2950,0.04983050847457627
23,52,716,0,15,0,0,22,15,768,0.01953125
24,52,2742,59,76,51,0,135,127,3190,0.03981191222570533
25,52,3486,20,91,61,0,202,152,4012,0.03788634097706879
26,52,4532,55,220,160,0,206,380,5553,0.06843147848010085
27,52,4430,12,138,119,0,279,257,5235,0.04909264565425024
28,52,1497,0,14,0,0,77,14,1602,0.008739076154806492
29,52,4712,16,241,63,0,198,304,5534,0.05493314058547163
30,52,869,0,0,0,0,51,0,920,0
31,52,1672,0,74,18,0,106,92,1962,0.046890927624872576
32,52,1680,0,75,15,0,110,90,1970,0.04568527918781726
34,52,4201,139,110,60,0,497,170,5177,0.03283755070504153
33,52,960,0,20,0,0,113,20,1113,0.017969451931716084
35,52,719,0,15,0,0,106,15,855,0.017543859649122806
36,52,9627,162,296,113,0,836,409,11443,0.0357423752512453
37,52,5373,18,249,18,0,345,267,6270,0.042583732057416265
38,52,1144,0,0,0,0,0,0,1144,0
39,52,6718,18,237,168,0,456,405,8002,0.05061234691327168
40,52,2853,0,119,14,0,253,133,3372,0.03944246737841044
41,52,2373,12,83,0,0,190,83,2741,0.03028091937249179
42,52,6328,27,238,82,0,528,320,7523,0.04253622225176126
44,52,474,0,17,0,0,22,17,530,0.03207547169811321
45,52,2434,13,78,137,0,236,215,3113,0.06906521040796659
46,52,994,0,19,0,0,15,19,1047,0.018147086914995225
47,52,3390,16,84,66,0,322,150,4028,0.03723932472691162
48,52,13418,63,552,291,0,1364,843,16531,0.050995100114935576
49,52,2834,0,21,14,0,134,35,3038,0.01152073732718894
50,52,443,0,0,0,0,12,0,455,0
51,52,4496,20,125,15,0,385,140,5181,0.027021810461300907
53,52,3774,13,157,173,0,328,330,4775,0.06910994764397906
54,52,774,0,0,0,0,49,0,823,0
55,52,3332,12,280,164,0,470,444,4702,0.09442790301999149
56,52,441,0,0,0,0,0,0,441,0
01,53,2730,0,0,0,0,0,0,2730,0
02,53,0,0,0,0,0,0,0,0,NA
04,53,5953,0,0,0,0,336,0,6289,0
05,53,1612,0,0,0,0,0,0,1612,0
06,53,32571,205,705,444,0,1721,1149,36795,0.03122706889523033
08,53,8996,0,476,232,0,410,708,10822,0.06542228793199038
09,53,1546,0,0,0,0,0,0,1546,0
10,53,929,0,0,0,0,0,0,929,0
12,53,21787,136,481,402,0,1804,883,25493,0.03463695916526105
11,53,373,0,0,0,0,0,0,373,0
13,53,6488,0,0,0,0,223,0,6711,0
15,53,1226,0,0,0,0,0,0,1226,0
16,53,2121,0,0,0,0,0,0,2121,0
17,53,6470,0,0,0,0,0,0,6470,0
18,53,4401,0,0,0,0,305,0,4706,0
19,53,2301,0,0,0,0,0,0,2301,0
20,53,2735,0,0,0,0,0,0,2735,0
21,53,2372,0,0,0,0,192,0,2564,0
22,53,2976,0,0,0,0,330,0,3306,0
23,53,1168,0,0,0,0,0,0,1168,0
24,53,3979,0,273,0,0,69,273,4594,0.059425337396604265
25,53,4170,0,0,0,0,135,0,4305,0
26,53,4677,0,0,0,0,505,0,5182,0
27,53,5187,0,0,0,0,0,0,5187,0
28,53,1231,0,0,0,0,0,0,1231,0
29,53,3915,0,0,0,0,252,0,4167,0
30,53,1650,0,0,0,0,0,0,1650,0
31,53,2060,0,0,0,0,134,0,2194,0
32,53,2511,0,0,0,0,265,0,2776,0
33,53,999,0,0,0,0,0,0,999,0
35,53,1640,0,0,0,0,0,0,1640,0
34,53,0,0,0,0,0,274,0,274,0
36,53,16903,0,429,0,0,1253,429,19014,0.02256232249921111
37,53,8267,0,0,0,0,701,0,8968,0
38,53,885,0,0,0,0,0,0,885,0
39,53,5652,0,140,0,0,313,140,6245,0.02241793434747798
40,53,2769,0,0,0,0,0,0,2769,0
41,53,4301,0,0,0,0,442,0,4743,0
42,53,4965,0,0,0,0,554,0,5519,0
44,53,0,0,0,0,0,0,0,0,NA
45,53,3522,0,0,0,0,236,0,3758,0
46,53,729,0,0,0,0,0,0,729,0
47,53,3011,0,0,0,0,276,0,3287,0
48,53,15389,0,221,221,0,1097,442,17370,0.0254461715601612
49,53,3925,0,0,0,0,0,0,3925,0
50,53,0,0,0,0,0,0,0,0,NA
51,53,6028,0,0,0,0,320,0,6348,0
53,53,6683,0,0,0,0,585,0,7268,0
54,53,1175,0,0,0,0,0,0,1175,0
55,53,3558,0,0,0,0,0,0,3558,0
56,53,883,0,0,0,0,0,0,883,0
01,54,6380,0,73,254,0,489,327,7523,0.043466702113518545
02,54,1436,0,0,40,0,56,40,1572,0.02544529262086514
04,54,12484,89,541,192,96,700,829,14931,0.05552206818029603
05,54,4193,0,170,29,0,506,199,5097,0.039042574063174414
06,54,80822,1760,2983,2085,1313,4816,6381,100160,0.06370806709265175
08,54,20227,389,724,539,152,717,1415,24163,0.058560609195877994
09,54,6516,0,258,96,0,315,354,7539,0.0469558296856347
10,54,1916,66,96,66,0,167,162,2473,0.06550748079255965
12,54,53419,969,1822,1077,578,2333,3477,63675,0.05460541813898705
11,54,2914,72,224,211,0,213,435,4069,0.10690587367903662
13,54,19420,261,615,358,0,1573,973,23200,0.04193965517241379
15,54,2098,0,125,62,0,77,187,2549,0.07336210278540604
16,54,3590,0,117,28,0,261,145,4141,0.035015696691620385
17,54,27071,339,829,507,180,1534,1516,31976,0.04741055791843883
18,54,9255,112,521,156,0,325,677,11046,0.06128915444504798
19,54,5113,39,190,114,0,0,304,5760,0.05277777777777778
20,54,5372,82,99,43,0,391,142,6129,0.02316854299233154
21,54,6197,69,210,75,0,450,285,7286,0.039116113093604174
22,54,7897,80,169,0,0,304,169,8619,0.0196078431372549
23,54,2507,0,245,0,0,162,245,3159,0.07755618866729978
24,54,14268,186,370,388,0,802,758,16772,0.045194371571667065
25,54,14199,244,724,317,135,998,1176,17793,0.06609340751981116
26,54,14939,203,335,250,0,1078,585,17390,0.03364002300172513
27,54,12692,173,639,282,0,446,921,15153,0.060780043555731536
28,54,3054,0,235,0,0,188,235,3712,0.06330818965517242
29,54,10272,205,239,121,0,556,360,11753,0.030630477324938312
30,54,3045,43,118,35,0,138,153,3532,0.043318233295583236
31,54,3793,76,71,31,0,195,102,4268,0.023898781630740395
32,54,5620,77,174,149,0,279,323,6622,0.04877680459075808
33,54,2737,0,65,37,0,124,102,3065,0.033278955954323
35,54,2981,0,134,191,90,216,415,4027,0.10305438291532158
34,54,17549,271,813,529,352,1334,1694,22542,0.07514861148079141
36,54,38456,601,1472,702,308,2412,2482,46433,0.05345336290999935
37,54,19007,191,557,291,184,758,1032,22020,0.046866485013623976
38,54,1472,0,0,16,0,90,16,1594,0.010037641154328732
39,54,17968,415,490,466,0,917,956,21212,0.04506882896473694
40,54,7562,0,64,61,0,434,125,8246,0.015158864904195974
41,54,9723,211,377,258,0,565,635,11769,0.053955306313195686
42,54,21355,323,1036,437,120,846,1593,25710,0.06196032672112019
44,54,1926,0,0,0,0,143,0,2069,0
45,54,8092,71,260,72,0,422,332,9249,0.03589577251594767
46,54,1370,0,58,72,0,84,130,1714,0.07584597432905485
47,54,7506,72,187,142,0,534,329,8770,0.03751425313568985
48,54,44462,510,1882,1053,574,2101,3509,54091,0.0648721598787229
49,54,7982,68,246,186,161,293,593,9529,0.062231084059187744
50,54,1678,0,68,0,0,66,68,1880,0.036170212765957444
51,54,20225,482,715,603,204,951,1522,24702,0.061614444174560766
53,54,15991,287,446,426,247,439,1119,18955,0.059034555526246375
54,54,2046,0,0,19,0,55,19,2139,0.008882655446470314
55,54,9012,151,227,153,0,476,380,10399,0.03654197518992211
56,54,0,0,0,0,0,0,0,0,NA
01,55,290,0,59,0,0,26,59,434,0.1359447004608295
02,55,119,0,0,0,0,0,0,119,0
04,55,363,0,25,0,0,45,25,458,0.05458515283842795
05,55,141,0,20,0,0,72,20,253,0.07905138339920949
06,55,1488,17,94,35,0,306,129,2069,0.06234896085065249
08,55,443,0,31,0,0,92,31,597,0.051926298157453935
09,55,177,0,16,0,0,36,16,245,0.0653061224489796
10,55,278,0,16,0,0,89,16,399,0.040100250626566414
12,55,1128,24,41,0,0,101,41,1335,0.030711610486891385
11,55,28,0,19,0,0,26,19,92,0.20652173913043478
13,55,445,0,41,16,0,91,57,650,0.0876923076923077
15,55,151,0,0,0,0,0,0,151,0
16,55,0,0,0,0,0,20,0,20,0
17,55,849,0,40,22,0,171,62,1144,0.05419580419580419
18,55,231,0,21,0,0,39,21,312,0.0673076923076923
19,55,286,0,0,0,0,22,0,308,0
20,55,304,0,21,0,0,33,21,379,0.055408970976253295
21,55,450,0,17,0,0,42,17,526,0.03231939163498099
22,55,0,0,22,0,0,28,22,72,0.3055555555555556
23,55,34,0,0,0,0,0,0,34,0
24,55,263,0,20,0,0,32,20,335,0.05970149253731343
25,55,0,0,31,0,0,55,31,117,0.26495726495726496
26,55,0,14,36,0,0,97,36,183,0.19672131147540983
27,55,436,0,33,0,0,58,33,560,0.05892857142857143
28,55,146,0,16,0,0,0,16,178,0.0898876404494382
29,55,412,0,24,0,0,53,24,513,0.04678362573099415
30,55,19,0,0,0,0,0,0,19,0
31,55,176,0,16,0,0,24,16,232,0.06896551724137931
32,55,0,0,14,0,0,71,14,99,0.1414141414141414
33,55,81,0,0,0,0,0,0,81,0
35,55,95,0,0,0,0,0,0,95,0
34,55,0,16,36,0,0,111,36,199,0.18090452261306533
36,55,1101,17,45,18,0,167,63,1411,0.0446491849751949
37,55,562,0,29,0,0,72,29,692,0.04190751445086705
38,55,78,0,0,0,0,0,0,78,0
39,55,726,20,39,19,0,219,58,1081,0.05365402405180388
40,55,398,0,0,0,0,19,0,417,0
41,55,149,0,22,0,0,38,22,231,0.09523809523809523
42,55,621,20,98,23,0,107,121,990,0.12222222222222222
44,55,70,0,0,0,0,0,0,70,0
45,55,302,0,20,0,0,23,20,365,0.0547945205479452
46,55,0,0,0,0,0,0,0,0,NA
47,55,347,0,24,17,0,49,41,478,0.08577405857740586
48,55,1780,31,112,44,0,209,156,2332,0.06689536878216124
49,55,293,0,15,0,0,78,15,401,0.03740648379052369
50,55,0,0,0,0,0,0,0,0,NA
51,55,571,0,33,17,0,43,50,714,0.0700280112044818
53,55,0,0,22,0,0,79,22,123,0.17886178861788618
54,55,33,0,0,0,0,0,0,33,0
55,55,754,0,26,0,0,41,26,847,0.030696576151121605
56,55,0,0,0,0,0,0,0,0,NA
01,56,3029,0,0,0,0,211,0,3240,0
02,56,663,0,0,0,0,0,0,663,0
04,56,4991,0,0,0,0,0,0,4991,0
05,56,1775,0,0,0,0,100,0,1875,0
06,56,28022,276,619,345,0,1474,964,31700,0.030410094637223974
08,56,5801,0,0,0,0,228,0,6029,0
09,56,3627,0,0,0,0,199,0,3826,0
10,56,580,0,0,0,0,0,0,580,0
12,56,26387,0,396,244,0,1164,640,28831,0.02219832818840831
11,56,391,0,0,0,0,0,0,391,0
13,56,7893,0,220,59,0,365,279,8816,0.0316470054446461
15,56,759,0,0,0,0,98,0,857,0
16,56,1997,0,0,0,0,165,0,2162,0
17,56,11514,67,19,101,0,770,120,12591,0.009530617107457708
18,56,5459,0,238,0,0,342,238,6277,0.03791620200732834
19,56,2242,0,0,0,0,62,0,2304,0
20,56,3136,0,0,0,0,212,0,3348,0
21,56,2553,0,0,0,0,0,0,2553,0
23,56,1461,0,0,0,0,0,0,1461,0
22,56,2788,0,0,0,0,104,0,2892,0
24,56,5749,0,0,0,0,475,0,6224,0
25,56,6522,0,0,0,0,170,0,6692,0
26,56,8019,0,25,0,0,234,25,8303,0.0030109598940142117
27,56,5382,0,93,0,0,186,93,5754,0.01616266944734098
28,56,929,0,0,0,0,0,0,929,0
29,56,5550,0,63,0,0,243,63,5919,0.010643689812468323
30,56,1144,0,0,0,0,0,0,1144,0
31,56,2101,0,0,0,0,62,0,2163,0
32,56,2926,0,0,0,0,155,0,3081,0
33,56,1449,0,0,0,0,116,0,1565,0
35,56,1481,0,0,0,0,143,0,1624,0
34,56,7962,0,0,0,0,482,0,8444,0
36,56,17576,0,102,102,0,785,204,18769,0.01086898609409132
37,56,8309,0,0,0,0,430,0,8739,0
38,56,1192,0,0,0,0,0,0,1192,0
39,56,8137,0,106,0,0,947,106,9296,0.01140275387263339
40,56,2871,0,0,0,0,107,0,2978,0
41,56,4352,0,0,0,0,171,0,4523,0
42,56,11123,0,60,0,0,427,60,11670,0.005141388174807198
44,56,1144,0,0,0,0,0,0,1144,0
45,56,4473,0,0,0,0,91,0,4564,0
46,56,1209,0,0,0,0,0,0,1209,0
47,56,4272,0,240,0,0,206,240,4958,0.048406615570794675
48,56,18215,105,400,295,0,1200,695,20910,0.033237685318029654
49,56,3351,0,0,0,0,114,0,3465,0
50,56,837,0,0,0,0,0,0,837,0
51,56,7958,0,59,241,0,272,300,8830,0.03397508493771234
53,56,6484,0,0,0,0,417,0,6901,0
54,56,1115,0,0,0,0,0,0,1115,0
55,56,4917,0,212,0,0,233,212,5574,0.03803372802296376
56,56,703,0,0,0,0,0,0,703,0
01,61,315,0,0,0,0,0,0,315,0
02,61,0,0,0,0,0,0,0,0,NA
04,61,1011,0,0,0,0,0,0,1011,0
05,61,306,0,0,0,0,0,0,306,0
06,61,7001,0,0,0,0,98,0,7099,0
08,61,1227,0,0,0,0,0,0,1227,0
09,61,967,0,0,0,0,0,0,967,0
10,61,0,0,0,0,0,0,0,0,NA
12,61,4224,0,0,0,0,160,0,4384,0
11,61,0,0,0,0,0,0,0,0,NA
13,61,1806,0,0,0,0,0,0,1806,0
15,61,0,0,0,0,0,0,0,0,NA
16,61,0,0,0,0,0,0,0,0,NA
17,61,2041,0,0,0,0,0,0,2041,0
18,61,753,0,0,0,0,0,0,753,0
19,61,543,0,0,0,0,0,0,543,0
20,61,261,0,0,0,0,0,0,261,0
21,61,603,0,0,0,0,0,0,603,0
23,61,0,0,0,0,0,0,0,0,NA
22,61,459,0,0,0,0,0,0,459,0
24,61,1123,0,0,0,0,0,0,1123,0
25,61,1757,0,0,0,0,0,0,1757,0
26,61,1385,0,0,0,0,0,0,1385,0
27,61,744,0,0,0,0,0,0,744,0
28,61,0,0,0,0,0,0,0,0,NA
29,61,0,0,0,0,0,0,0,0,NA
30,61,0,0,0,0,0,0,0,0,NA
31,61,0,0,0,0,0,0,0,0,NA
32,61,354,0,0,0,0,0,0,354,0
33,61,0,0,0,0,0,0,0,0,NA
35,61,0,0,0,0,0,0,0,0,NA
34,61,2246,0,0,0,0,0,0,2246,0
36,61,3951,0,0,0,0,0,0,3951,0
37,61,1746,0,0,0,0,0,0,1746,0
38,61,0,0,0,0,0,0,0,0,NA
39,61,1413,0,0,0,0,0,0,1413,0
40,61,404,0,0,0,0,0,0,404,0
41,61,715,0,0,0,0,0,0,715,0
42,61,1754,0,0,0,0,0,0,1754,0
44,61,0,0,0,0,0,0,0,0,NA
45,61,533,0,0,0,0,0,0,533,0
46,61,0,0,0,0,0,0,0,0,NA
47,61,440,0,0,0,0,0,0,440,0
48,61,3248,0,0,0,0,0,0,3248,0
49,61,722,0,0,0,0,0,0,722,0
50,61,336,0,0,0,0,0,0,336,0
51,61,1460,0,0,0,0,0,0,1460,0
53,61,1665,0,0,0,0,0,0,1665,0
54,61,0,0,0,0,0,0,0,0,NA
55,61,683,0,0,0,0,0,0,683,0
56,61,0,0,0,0,0,0,0,0,NA
01,62,5618,0,0,0,0,491,0,6109,0
02,62,1510,0,0,0,0,0,0,1510,0
04,62,9548,0,302,0,0,713,302,10865,0.027795674183156927
05,62,4754,0,0,0,0,335,0,5089,0
06,62,65550,0,1382,1161,0,4869,2543,75505,0.03367988874908946
08,62,10267,0,0,0,0,462,0,10729,0
09,62,5465,0,0,0,0,493,0,5958,0
10,62,1178,0,0,0,0,0,0,1178,0
11,62,575,0,0,0,0,0,0,575,0
12,62,35337,0,454,556,425,1981,1435,40188,0.03570717627152384
13,62,12847,0,256,0,0,1331,256,14690,0.017426820966643976
15,62,1930,0,0,0,0,0,0,1930,0
16,62,3762,0,0,0,0,0,0,3762,0
17,62,19463,0,347,0,0,949,347,21106,0.016440822514924666
18,62,7402,0,0,0,0,445,0,7847,0
19,62,4510,0,0,0,0,0,0,4510,0
20,62,4471,0,0,0,0,256,0,4727,0
21,62,5550,0,0,0,0,308,0,5858,0
23,62,1647,0,0,0,0,166,0,1813,0
22,62,6579,0,0,0,0,429,0,7008,0
24,62,8408,0,0,0,0,464,0,8872,0
25,62,7766,0,0,0,0,227,0,7993,0
26,62,14886,0,0,0,0,675,0,15561,0
27,62,7849,0,0,0,0,278,0,8127,0
28,62,3982,0,0,0,0,224,0,4206,0
29,62,8500,0,0,0,0,446,0,8946,0
30,62,2059,0,0,0,0,58,0,2117,0
31,62,3893,0,0,0,0,124,0,4017,0
32,62,4380,0,0,0,0,143,0,4523,0
33,62,1998,0,0,0,0,0,0,1998,0
35,62,2770,0,0,0,0,58,0,2828,0
34,62,16288,0,370,0,0,0,370,17028,0.021728917077754286
36,62,30406,0,277,0,0,2531,277,33491,0.008270878743543042
37,62,13956,0,0,0,0,0,0,13956,0
38,62,0,0,0,0,0,0,0,0,NA
39,62,13880,0,0,0,0,0,0,13880,0
40,62,5457,0,0,0,0,359,0,5816,0
41,62,7717,0,0,0,0,342,0,8059,0
42,62,17411,0,457,0,0,667,457,18992,0.024062763268744736
44,62,1455,0,0,0,0,143,0,1598,0
45,62,5532,0,0,0,0,336,0,5868,0
46,62,1225,0,0,0,0,0,0,1225,0
50,62,910,0,0,0,0,0,0,910,0
47,62,7439,0,343,0,0,319,343,8444,0.04062055897678825
48,62,35811,0,596,0,0,2118,596,39121,0.015234784386902175
49,62,5235,0,0,0,0,0,0,5235,0
51,62,11150,0,0,0,0,735,0,11885,0
53,62,12373,0,0,0,0,858,0,13231,0
54,62,1990,0,0,0,0,186,0,2176,0
55,62,7222,0,0,0,0,0,0,7222,0
56,62,918,0,0,0,0,0,0,918,0
01,71,456,0,0,0,0,0,0,456,0
02,71,378,0,0,0,0,0,0,378,0
04,71,870,0,0,0,0,0,0,870,0
05,71,0,0,0,0,0,0,0,0,NA
06,71,19249,0,0,0,0,1470,0,20719,0
08,71,2285,0,0,0,0,0,0,2285,0
09,71,941,0,0,0,0,0,0,941,0
10,71,0,0,0,0,0,0,0,0,NA
11,71,193,0,0,0,0,0,0,193,0
12,71,5487,0,0,0,0,0,0,5487,0
13,71,2119,0,0,0,0,0,0,2119,0
15,71,0,0,0,0,0,0,0,0,NA
16,71,721,0,0,0,0,0,0,721,0
17,71,3400,0,0,0,0,104,0,3504,0
18,71,1690,0,0,0,0,0,0,1690,0
19,71,743,0,0,0,0,0,0,743,0
20,71,790,0,0,0,0,0,0,790,0
21,71,1234,0,0,0,0,0,0,1234,0
23,71,0,0,0,0,0,0,0,0,NA
22,71,979,0,0,0,0,0,0,979,0
24,71,1113,0,0,0,0,0,0,1113,0
25,71,1502,0,0,0,0,0,0,1502,0
26,71,1931,0,0,0,0,0,0,1931,0
27,71,1127,0,0,0,0,0,0,1127,0
28,71,256,0,0,0,0,0,0,256,0
29,71,901,0,0,0,0,0,0,901,0
30,71,0,0,0,0,0,0,0,0,NA
31,71,553,0,0,0,0,0,0,553,0
33,71,0,0,0,0,0,0,0,0,NA
32,71,0,0,0,0,0,0,0,0,NA
35,71,474,0,0,0,0,0,0,474,0
34,71,1576,0,0,0,0,0,0,1576,0
36,71,8014,0,0,0,0,388,0,8402,0
37,71,2040,0,0,0,0,0,0,2040,0
38,71,0,0,0,0,0,0,0,0,NA
39,71,2028,0,0,0,0,0,0,2028,0
40,71,650,0,0,0,0,0,0,650,0
41,71,1324,0,0,0,0,0,0,1324,0
42,71,2217,0,0,0,0,0,0,2217,0
44,71,0,0,0,0,0,0,0,0,NA
45,71,925,0,0,0,0,0,0,925,0
46,71,409,0,0,0,0,0,0,409,0
47,71,2176,0,0,0,0,0,0,2176,0
48,71,4249,0,0,0,0,0,0,4249,0
49,71,0,0,0,0,0,0,0,0,NA
50,71,0,0,0,0,0,0,0,0,NA
51,71,1753,0,0,0,0,0,0,1753,0
53,71,1432,0,0,0,0,0,0,1432,0
54,71,276,0,0,0,0,0,0,276,0
55,71,1764,0,0,0,0,0,0,1764,0
56,71,384,0,0,0,0,0,0,384,0
01,72,4208,0,0,0,0,343,0,4551,0
02,72,1380,0,0,0,0,0,0,1380,0
04,72,6655,0,0,0,0,345,0,7000,0
05,72,3550,0,0,0,0,0,0,3550,0
06,72,49855,0,588,635,0,4670,1223,56971,0.021467062189535025
08,72,7805,0,0,0,0,1235,0,9040,0
09,72,5372,0,0,0,0,361,0,5733,0
10,72,1234,0,0,0,0,0,0,1234,0
11,72,1232,0,0,0,0,0,0,1232,0
12,72,23178,0,219,0,0,1369,219,24985,0.008765259155493296
13,72,11101,0,0,0,0,1300,0,12401,0
15,72,2017,0,0,0,0,98,0,2115,0
16,72,2697,0,0,0,0,111,0,2808,0
17,72,16514,0,0,0,0,1616,0,18130,0
18,72,7678,0,0,0,0,738,0,8416,0
19,72,4355,0,0,0,0,0,0,4355,0
20,72,3021,0,0,0,0,412,0,3433,0
21,72,4468,0,0,0,0,373,0,4841,0
23,72,2587,0,0,0,0,0,0,2587,0
22,72,5531,0,0,0,0,328,0,5859,0
24,72,7025,0,0,0,0,657,0,7682,0
25,72,10178,0,0,0,0,561,0,10739,0
26,72,12262,0,0,0,0,531,0,12793,0
27,72,8493,0,0,0,0,339,0,8832,0
28,72,2743,0,0,0,0,281,0,3024,0
29,72,7226,0,0,0,0,530,0,7756,0
30,72,3577,0,0,0,0,0,0,3577,0
31,72,2759,0,0,0,0,208,0,2967,0
33,72,2775,0,0,0,0,0,0,2775,0
32,72,3210,0,0,0,0,269,0,3479,0
35,72,2513,0,0,0,0,0,0,2513,0
34,72,13811,0,396,0,0,1647,396,16250,0.024369230769230768
36,72,29916,0,500,0,0,3620,500,34536,0.01447764651378272
37,72,12346,0,0,0,0,977,0,13323,0
38,72,1568,0,0,0,0,0,0,1568,0
39,72,15500,0,0,0,0,791,0,16291,0
40,72,4091,0,0,0,0,215,0,4306,0
41,72,7980,0,0,0,0,381,0,8361,0
42,72,18808,0,0,0,0,1532,0,20340,0
44,72,2328,0,0,0,0,155,0,2483,0
45,72,6074,0,0,0,0,528,0,6602,0
46,72,1668,0,0,0,0,136,0,1804,0
47,72,6106,0,0,0,0,550,0,6656,0
48,72,24727,0,0,0,0,1601,0,26328,0
49,72,3733,0,0,0,0,261,0,3994,0
51,72,10870,0,0,0,0,1064,0,11934,0
50,72,1280,0,0,0,0,0,0,1280,0
53,72,10989,0,0,0,0,628,0,11617,0
54,72,2565,0,0,0,0,0,0,2565,0
55,72,11281,0,0,0,0,346,0,11627,0
56,72,1399,0,0,0,0,0,0,1399,0
01,81,3456,0,0,0,0,432,0,3888,0
02,81,734,0,0,0,0,0,0,734,0
04,81,4997,0,0,0,0,135,0,5132,0
05,81,2252,0,0,0,0,0,0,2252,0
06,81,32624,0,460,0,0,2783,460,36327,0.012662757728411375
08,81,6286,0,0,0,0,580,0,6866,0
09,81,4732,0,0,0,0,321,0,5053,0
10,81,873,0,0,0,0,0,0,873,0
11,81,341,0,0,0,0,0,0,341,0
12,81,22588,0,0,0,0,1201,0,23789,0
13,81,8729,0,0,0,0,496,0,9225,0
15,81,755,0,0,0,0,0,0,755,0
16,81,2082,0,0,0,0,0,0,2082,0
17,81,14527,0,0,0,0,890,0,15417,0
18,81,6704,0,0,0,0,432,0,7136,0
19,81,4206,0,0,0,0,0,0,4206,0
20,81,2978,0,0,0,0,0,0,2978,0
21,81,4026,0,0,0,0,372,0,4398,0
23,81,1283,0,0,0,0,0,0,1283,0
22,81,3568,0,0,0,0,132,0,3700,0
24,81,5733,0,0,0,0,545,0,6278,0
25,81,7956,0,0,0,0,485,0,8441,0
26,81,10311,0,0,0,0,1010,0,11321,0
27,81,7119,0,0,0,0,0,0,7119,0
28,81,2157,0,0,0,0,168,0,2325,0
29,81,6920,0,0,0,0,177,0,7097,0
30,81,0,0,0,0,0,0,0,0,NA
31,81,3693,0,0,0,0,143,0,3836,0
33,81,1725,0,0,0,0,0,0,1725,0
32,81,2151,0,0,0,0,257,0,2408,0
35,81,0,0,0,0,0,0,0,0,NA
34,81,9657,0,0,0,0,768,0,10425,0
36,81,22134,0,394,0,0,2720,394,25642,0.01536541611418766
37,81,9839,0,0,0,0,333,0,10172,0
38,81,893,0,0,0,0,0,0,893,0
39,81,10773,0,0,0,0,735,0,11508,0
40,81,3124,0,0,0,0,0,0,3124,0
41,81,3862,0,0,0,0,310,0,4172,0
42,81,17138,0,0,0,0,1332,0,18470,0
44,81,1255,0,0,0,0,0,0,1255,0
45,81,4425,0,0,0,0,213,0,4638,0
46,81,1144,0,0,0,0,0,0,1144,0
47,81,5476,0,0,0,0,160,0,5636,0
48,81,19835,0,97,0,0,1371,97,21400,0.0045327102803738315
49,81,2922,0,0,0,0,361,0,3283,0
51,81,8471,0,0,0,0,664,0,9135,0
50,81,1144,0,0,0,0,0,0,1144,0
53,81,7747,0,0,0,0,352,0,8099,0
54,81,1524,0,0,0,0,0,0,1524,0
55,81,7041,0,0,0,0,333,0,7374,0
56,81,889,0,0,0,0,0,0,889,0
01,99,114,0,0,0,0,0,0,114,0
02,99,0,0,0,0,0,0,0,0,NA
04,99,0,0,0,0,0,0,0,0,NA
05,99,133,0,0,0,0,0,0,133,0
06,99,664,0,0,0,0,0,0,664,0
08,99,212,0,0,0,0,0,0,212,0
09,99,0,0,0,0,0,0,0,0,NA
10,99,0,0,0,0,0,0,0,0,NA
11,99,0,0,0,0,0,0,0,0,NA
12,99,115,0,0,0,0,0,0,115,0
13,99,180,0,0,0,0,0,0,180,0
15,99,0,0,0,0,0,0,0,0,NA
16,99,169,0,0,0,0,0,0,169,0
17,99,1228,0,0,0,0,0,0,1228,0
18,99,314,0,0,0,0,0,0,314,0
19,99,1057,0,0,0,0,0,0,1057,0
20,99,408,0,0,0,0,0,0,408,0
21,99,180,0,0,0,0,0,0,180,0
23,99,0,0,0,0,0,0,0,0,NA
22,99,0,0,0,0,0,0,0,0,NA
24,99,0,0,0,0,0,0,0,0,NA
25,99,0,0,0,0,0,0,0,0,NA
26,99,267,0,0,0,0,0,0,267,0
27,99,1035,0,0,0,0,0,0,1035,0
28,99,81,0,0,0,0,0,0,81,0
29,99,446,0,0,0,0,0,0,446,0
30,99,210,0,0,0,0,0,0,210,0
31,99,753,0,0,0,0,0,0,753,0
33,99,0,0,0,0,0,0,0,0,NA
32,99,0,0,0,0,0,0,0,0,NA
35,99,0,0,0,0,0,0,0,0,NA
34,99,0,0,0,0,0,0,0,0,NA
36,99,288,0,0,0,0,0,0,288,0
37,99,198,0,0,0,0,0,0,198,0
38,99,0,0,0,0,0,0,0,0,NA
39,99,297,0,0,0,0,0,0,297,0
40,99,197,0,0,0,0,0,0,197,0
41,99,186,0,0,0,0,0,0,186,0
44,99,0,0,0,0,0,0,0,0,NA
42,99,213,0,0,0,0,0,0,213,0
45,99,58,0,0,0,0,0,0,58,0
46,99,534,0,0,0,0,0,0,534,0
47,99,120,0,0,0,0,0,0,120,0
48,99,760,0,0,0,0,0,0,760,0
49,99,58,0,0,0,0,0,0,58,0
51,99,161,0,0,0,0,0,0,161,0
50,99,0,0,0,0,0,0,0,0,NA
53,99,253,0,0,0,0,0,0,253,0
54,99,0,0,0,0,0,0,0,0,NA
55,99,971,0,0,0,0,0,0,971,0
56,99,0,0,0,0,0,0,0,0,NA
