state,naics_sector,produced,n_firms,n_emp
01,00,Yes,385,18936
01,00,No,53857,1233245
01,00,Don't know,3639,166914
02,00,Yes,25,908
02,00,No,12141,183064
02,00,Don't know,505,33817
04,00,Yes,253,22740
04,00,No,81027,1498115
04,00,Don't know,4128,238163
05,00,Yes,130,13839
05,00,No,38936,721922
05,00,Don't know,2256,102512
06,00,Yes,3748,333466
06,00,No,553695,9310011
06,00,Don't know,38282,1581279
08,00,Yes,587,29950
08,00,No,113486,1673728
08,00,Don't know,5461,188452
09,00,Yes,306,15331
09,00,No,51613,847297
09,00,Don't know,3331,138329
10,00,Yes,149,5216
10,00,No,14061,251962
10,00,Don't know,849,25486
11,00,No,8734,202983
11,00,Yes,117,5586
11,00,Don't know,645,30018
12,00,Yes,1390,76598
12,00,No,331228,5028347
12,00,Don't know,19227,580243
13,00,Yes,708,70560
13,00,No,131332,2435666
13,00,Don't know,8160,380879
15,00,Don't know,1143,25651
15,00,Yes,99,2302
15,00,No,17808,292238
16,00,Yes,115,2461
16,00,No,34188,392828
16,00,Don't know,1208,52674
17,00,Yes,1129,93877
17,00,No,194195,3455508
17,00,Don't know,12224,532600
18,00,Yes,400,15968
18,00,No,88750,1965625
18,00,Don't know,4855,229633
19,00,Yes,169,35614
19,00,No,53526,965730
19,00,Don't know,2678,121263
20,00,No,46869,763509
20,00,Yes,425,17507
20,00,Don't know,2605,164706
21,00,Yes,192,38893
21,00,No,52869,1045852
21,00,Don't know,3652,152517
22,00,Yes,204,23452
22,00,No,56245,1167264
22,00,Don't know,3929,124895
24,00,Yes,543,37860
24,00,No,81755,1403096
24,00,Don't know,4848,177684
23,00,Yes,92,1903
23,00,No,24721,319991
23,00,Don't know,752,36336
25,00,Yes,449,55404
25,00,No,102504,1717726
25,00,Don't know,5406,299258
26,00,Yes,647,113630
26,00,No,135197,2590671
26,00,Don't know,7944,283474
27,00,Don't know,4546,158893
27,00,Yes,353,32236
27,00,No,98079,1738013
28,00,Yes,304,12227
28,00,No,30667,631773
28,00,Don't know,2293,81857
29,00,Yes,227,56918
29,00,No,85975,1629175
29,00,Don't know,4273,216396
30,00,Yes,134,2045
30,00,No,26929,268657
30,00,Don't know,1149,26715
31,00,Yes,110,6083
31,00,No,38481,627528
31,00,Don't know,2386,73990
32,00,Yes,188,8726
32,00,No,36711,885675
32,00,Don't know,2232,104745
34,00,Yes,873,70264
34,00,No,135607,2146815
34,00,Don't know,9783,371779
33,00,Yes,80,7568
33,00,No,24105,378789
33,00,Don't know,1082,50689
36,00,Yes,963,115531
36,00,No,295144,4180188
36,00,Don't know,23797,706007
35,00,Yes,181,5752
35,00,No,24728,389860
35,00,Don't know,988,70196
37,00,Don't know,6918,396288
37,00,Yes,908,56921
37,00,No,143457,2530045
38,00,Yes,85,7419
38,00,No,17034,246797
38,00,Don't know,693,15670
39,00,Yes,745,59524
39,00,No,144675,2995898
39,00,Don't know,7729,515596
40,00,Yes,290,18202
40,00,No,54953,923353
40,00,Don't know,2729,108013
41,00,Yes,291,15414
41,00,No,77560,1157551
41,00,Don't know,3364,125285
42,00,Yes,639,59592
42,00,No,176667,3325243
42,00,Don't know,10179,411759
45,00,Yes,171,29578
45,00,No,63183,1172766
45,00,Don't know,3417,336892
44,00,Don't know,734,31957
44,00,Yes,51,3479
44,00,No,16505,243342
46,00,Yes,105,1420
46,00,No,18561,232962
46,00,Don't know,787,22354
47,00,No,72613,1777897
47,00,Yes,333,30435
47,00,Don't know,3687,260914
48,00,Yes,1966,173765
48,00,No,308463,6706740
48,00,Don't know,17306,1019688
49,00,Yes,362,33816
49,00,No,53097,857571
49,00,Don't know,2909,83847
50,00,Yes,30,463
50,00,No,13614,147856
50,00,Don't know,549,14674
53,00,Yes,930,117785
53,00,No,117826,1789021
53,00,Don't know,6335,356315
51,00,Yes,712,60403
51,00,No,117923,2187619
51,00,Don't know,6377,321814
54,00,Yes,55,1132
54,00,No,19727,358529
54,00,Don't know,1356,34320
55,00,Yes,257,51950
55,00,No,94688,1869868
55,00,Don't know,4210,160273
56,00,Yes,40,2244
56,00,No,13703,167928
56,00,Don't know,623,12206
01,11,Yes,0,0
01,11,No,567,5103
01,11,Don't know,0,0
02,11,Yes,0,0
02,11,No,0,0
02,11,Don't know,0,0
04,11,Yes,0,0
04,11,No,0,0
04,11,Don't know,0,0
05,11,Yes,0,0
05,11,No,0,0
05,11,Don't know,0,0
06,11,Yes,0,0
06,11,No,2334,300819
06,11,Don't know,0,0
08,11,Yes,0,0
08,11,No,0,0
08,11,Don't know,0,0
09,11,Yes,0,0
09,11,No,0,0
09,11,Don't know,0,0
10,11,Yes,0,0
10,11,No,0,0
10,11,Don't know,0,0
11,11,Yes,0,0
11,11,No,0,0
11,11,Don't know,0,0
12,11,Yes,0,0
12,11,No,932,5387
12,11,Don't know,0,0
13,11,Yes,0,0
13,11,No,0,0
13,11,Don't know,0,0
15,11,Yes,0,0
15,11,No,0,0
15,11,Don't know,0,0
16,11,Yes,0,0
16,11,No,0,0
16,11,Don't know,0,0
17,11,Yes,0,0
17,11,No,352,1599
17,11,Don't know,0,0
18,11,Yes,0,0
18,11,No,0,0
18,11,Don't know,0,0
19,11,Yes,0,0
19,11,No,588,1540
19,11,Don't know,0,0
20,11,Yes,0,0
20,11,No,0,0
20,11,Don't know,0,0
21,11,Yes,0,0
21,11,No,0,0
21,11,Don't know,0,0
22,11,Don't know,0,0
22,11,Yes,0,0
22,11,No,439,2749
24,11,Yes,0,0
24,11,No,0,0
24,11,Don't know,0,0
23,11,Yes,0,0
23,11,No,633,3345
23,11,Don't know,0,0
25,11,Yes,0,0
25,11,No,0,0
25,11,Don't know,0,0
26,11,Yes,0,0
26,11,No,0,0
26,11,Don't know,0,0
27,11,Yes,0,0
27,11,No,0,0
27,11,Don't know,0,0
28,11,No,352,2754
28,11,Yes,0,0
28,11,Don't know,0,0
29,11,Yes,0,0
29,11,No,0,0
29,11,Don't know,0,0
30,11,Yes,0,0
30,11,No,0,0
30,11,Don't know,0,0
31,11,Yes,0,0
31,11,No,0,0
31,11,Don't know,0,0
32,11,Yes,0,0
32,11,No,0,0
32,11,Don't know,0,0
34,11,Yes,0,0
34,11,No,0,0
34,11,Don't know,0,0
33,11,Yes,0,0
33,11,No,0,0
33,11,Don't know,0,0
36,11,Yes,0,0
36,11,No,579,1748
36,11,Don't know,0,0
35,11,Yes,0,0
35,11,No,0,0
35,11,Don't know,0,0
37,11,Yes,0,0
37,11,No,504,2313
37,11,Don't know,0,0
38,11,Yes,0,0
38,11,No,0,0
38,11,Don't know,0,0
39,11,Yes,0,0
39,11,No,0,0
39,11,Don't know,0,0
40,11,Yes,0,0
40,11,No,0,0
40,11,Don't know,0,0
41,11,Yes,0,0
41,11,No,1239,23716
41,11,Don't know,0,0
42,11,Yes,0,0
42,11,No,0,0
42,11,Don't know,0,0
45,11,Yes,0,0
45,11,No,0,0
45,11,Don't know,0,0
44,11,Yes,0,0
44,11,No,0,0
44,11,Don't know,0,0
46,11,Yes,0,0
46,11,No,0,0
46,11,Don't know,0,0
47,11,Yes,0,0
47,11,No,0,0
47,11,Don't know,0,0
48,11,Yes,0,0
48,11,No,1151,8355
48,11,Don't know,0,0
49,11,Yes,0,0
49,11,No,0,0
49,11,Don't know,0,0
50,11,Yes,0,0
50,11,No,0,0
50,11,Don't know,0,0
53,11,Yes,0,0
53,11,No,1287,15677
53,11,Don't know,0,0
51,11,Don't know,0,0
51,11,Yes,0,0
51,11,No,744,6212
54,11,Yes,0,0
54,11,No,0,0
54,11,Don't know,0,0
55,11,Yes,0,0
55,11,No,838,4222
55,11,Don't know,0,0
56,11,Yes,0,0
56,11,No,0,0
56,11,Don't know,0,0
01,21,Don't know,0,0
01,21,Yes,0,0
01,21,No,62,4355
02,21,Yes,0,0
02,21,No,69,5765
02,21,Don't know,0,0
04,21,Yes,0,0
04,21,No,86,3482
04,21,Don't know,0,0
05,21,Yes,0,0
05,21,No,319,6443
05,21,Don't know,0,0
06,21,Yes,0,0
06,21,No,321,11764
06,21,Don't know,0,0
08,21,Yes,0,0
08,21,No,674,14422
08,21,Don't know,22,2812
09,21,Yes,0,0
09,21,No,0,0
09,21,Don't know,0,0
10,21,Yes,0,0
10,21,No,0,0
10,21,Don't know,0,0
11,21,Yes,0,0
11,21,No,0,0
11,21,Don't know,0,0
12,21,Yes,0,0
12,21,No,115,3858
12,21,Don't know,0,0
13,21,Don't know,0,0
13,21,Yes,0,0
13,21,No,62,2203
15,21,Yes,0,0
15,21,No,0,0
15,21,Don't know,0,0
16,21,Yes,0,0
16,21,No,41,702
16,21,Don't know,0,0
17,21,Yes,0,0
17,21,No,406,7278
17,21,Don't know,0,0
18,21,Yes,0,0
18,21,No,87,4898
18,21,Don't know,0,0
19,21,Yes,0,0
19,21,No,47,2249
19,21,Don't know,0,0
20,21,Yes,0,0
20,21,No,0,0
20,21,Don't know,0,0
21,21,Yes,0,0
21,21,No,328,16046
21,21,Don't know,0,0
22,21,Don't know,29,1668
22,21,Yes,0,0
22,21,No,967,25804
24,21,Don't know,0,0
24,21,Yes,0,0
24,21,No,0,0
23,21,Yes,0,0
23,21,No,0,0
23,21,Don't know,0,0
25,21,Yes,0,0
25,21,No,0,0
25,21,Don't know,0,0
26,21,Yes,0,0
26,21,No,231,3402
26,21,Don't know,0,0
27,21,Yes,0,0
27,21,No,117,6254
27,21,Don't know,0,0
28,21,Yes,0,0
28,21,No,223,2237
28,21,Don't know,0,0
29,21,Yes,0,0
29,21,No,123,1928
29,21,Don't know,0,0
30,21,Yes,0,0
30,21,No,195,2486
30,21,Don't know,0,0
31,21,Yes,0,0
31,21,No,78,587
31,21,Don't know,0,0
32,21,Yes,0,0
32,21,No,126,9175
32,21,Don't know,0,0
34,21,Yes,0,0
34,21,No,22,412
34,21,Don't know,0,0
33,21,Yes,0,0
33,21,No,0,0
33,21,Don't know,0,0
36,21,Yes,0,0
36,21,No,136,2120
36,21,Don't know,0,0
35,21,Yes,0,0
35,21,No,391,10737
35,21,Don't know,24,799
37,21,Yes,0,0
37,21,No,64,2627
37,21,Don't know,0,0
38,21,Yes,0,0
38,21,No,285,10293
38,21,Don't know,0,0
39,21,Yes,0,0
39,21,No,337,7298
39,21,Don't know,0,0
40,21,Yes,0,0
40,21,No,2069,32918
40,21,Don't know,39,5943
41,21,Yes,0,0
41,21,No,62,1133
41,21,Don't know,0,0
42,21,Yes,0,0
42,21,No,507,26221
42,21,Don't know,0,0
45,21,Yes,0,0
45,21,No,23,1101
45,21,Don't know,0,0
44,21,Yes,0,0
44,21,No,0,0
44,21,Don't know,0,0
46,21,Yes,0,0
46,21,No,36,957
46,21,Don't know,0,0
47,21,Yes,0,0
47,21,No,138,3450
47,21,Don't know,0,0
48,21,Yes,0,0
48,21,No,4460,112575
48,21,Don't know,141,22889
49,21,Yes,0,0
49,21,No,266,4149
49,21,Don't know,0,0
50,21,Yes,0,0
50,21,No,0,0
50,21,Don't know,0,0
53,21,Yes,0,0
53,21,No,0,0
53,21,Don't know,0,0
51,21,Yes,0,0
51,21,No,136,6331
51,21,Don't know,0,0
54,21,Yes,0,0
54,21,No,233,15526
54,21,Don't know,0,0
55,21,Yes,0,0
55,21,No,0,0
55,21,Don't know,0,0
56,21,Yes,0,0
56,21,No,458,12688
56,21,Don't know,24,899
01,22,Yes,0,0
01,22,No,29,1400
01,22,Don't know,0,0
02,22,Yes,0,0
02,22,No,19,606
02,22,Don't know,0,0
04,22,Yes,0,0
04,22,No,151,15697
04,22,Don't know,0,0
05,22,Yes,0,0
05,22,No,31,1606
05,22,Don't know,0,0
06,22,Yes,0,0
06,22,No,267,38351
06,22,Don't know,0,0
08,22,Yes,0,0
08,22,No,119,2282
08,22,Don't know,0,0
09,22,Yes,0,0
09,22,No,29,1226
09,22,Don't know,0,0
10,22,Yes,0,0
10,22,No,0,0
10,22,Don't know,0,0
11,22,Yes,0,0
11,22,No,21,3124
11,22,Don't know,0,0
12,22,Yes,0,0
12,22,No,182,16754
12,22,Don't know,0,0
13,22,Yes,0,0
13,22,No,66,1482
13,22,Don't know,0,0
15,22,Yes,0,0
15,22,No,0,0
15,22,Don't know,0,0
16,22,Yes,0,0
16,22,No,96,3236
16,22,Don't know,0,0
17,22,Yes,0,0
17,22,No,91,29904
17,22,Don't know,0,0
18,22,No,67,12977
18,22,Yes,0,0
18,22,Don't know,0,0
19,22,Yes,0,0
19,22,No,66,8704
19,22,Don't know,0,0
20,22,Yes,0,0
20,22,No,53,1195
20,22,Don't know,0,0
21,22,Yes,0,0
21,22,No,43,7068
21,22,Don't know,0,0
22,22,Yes,0,0
22,22,No,64,3234
22,22,Don't know,0,0
24,22,Yes,0,0
24,22,No,39,10525
24,22,Don't know,0,0
23,22,Yes,0,0
23,22,No,47,443
23,22,Don't know,0,0
25,22,Yes,0,0
25,22,No,39,2205
25,22,Don't know,0,0
26,22,Yes,0,0
26,22,No,58,3637
26,22,Don't know,0,0
27,22,Yes,0,0
27,22,No,85,5877
27,22,Don't know,0,0
28,22,Yes,0,0
28,22,No,70,972
28,22,Don't know,0,0
29,22,No,43,11357
29,22,Yes,0,0
29,22,Don't know,0,0
30,22,Yes,0,0
30,22,No,0,0
30,22,Don't know,0,0
31,22,Yes,0,0
31,22,No,38,762
31,22,Don't know,0,0
32,22,Yes,0,0
32,22,No,49,3685
32,22,Don't know,0,0
34,22,Yes,0,0
34,22,No,53,21288
34,22,Don't know,0,0
33,22,Yes,0,0
33,22,No,30,941
33,22,Don't know,0,0
36,22,Yes,0,0
36,22,No,189,29015
36,22,Don't know,0,0
35,22,Yes,0,0
35,22,No,64,2922
35,22,Don't know,0,0
37,22,Yes,0,0
37,22,No,67,23010
37,22,Don't know,0,0
38,22,Yes,0,0
38,22,No,25,902
38,22,Don't know,0,0
39,22,Yes,0,0
39,22,No,80,26064
39,22,Don't know,0,0
40,22,Yes,0,0
40,22,No,89,12056
40,22,Don't know,0,0
41,22,Yes,0,0
41,22,No,82,17211
41,22,Don't know,0,0
42,22,Don't know,0,0
42,22,Yes,0,0
42,22,No,161,26423
45,22,Yes,0,0
45,22,No,61,12177
45,22,Don't know,0,0
44,22,Yes,0,0
44,22,No,0,0
44,22,Don't know,0,0
46,22,Yes,0,0
46,22,No,0,0
46,22,Don't know,0,0
47,22,Yes,0,0
47,22,No,25,857
47,22,Don't know,0,0
48,22,Yes,0,0
48,22,No,323,27592
48,22,Don't know,24,3895
49,22,Yes,0,0
49,22,No,54,4441
49,22,Don't know,0,0
50,22,Yes,0,0
50,22,No,69,911
50,22,Don't know,0,0
53,22,Yes,0,0
53,22,No,99,9011
53,22,Don't know,0,0
51,22,Yes,0,0
51,22,No,32,3281
51,22,Don't know,0,0
54,22,Yes,0,0
54,22,No,36,5158
54,22,Don't know,0,0
55,22,Yes,0,0
55,22,No,43,9884
55,22,Don't know,0,0
56,22,Yes,0,0
56,22,No,39,1468
56,22,Don't know,0,0
01,23,Yes,0,0
01,23,No,6720,66648
01,23,Don't know,197,1558
02,23,Yes,0,0
02,23,No,1922,16848
02,23,Don't know,0,0
04,23,Yes,0,0
04,23,No,11027,127002
04,23,Don't know,292,4444
05,23,Yes,0,0
05,23,No,3895,39524
05,23,Don't know,0,0
06,23,Yes,0,0
06,23,No,57541,602708
06,23,Don't know,2528,23405
08,23,Yes,0,0
08,23,No,16125,160268
08,23,Don't know,607,6764
09,23,Yes,0,0
09,23,No,5877,54944
09,23,Don't know,0,0
10,23,Yes,0,0
10,23,No,1879,20696
10,23,Don't know,0,0
11,23,Yes,0,0
11,23,No,440,10779
11,23,Don't know,0,0
12,23,Yes,0,0
12,23,No,38122,312262
12,23,Don't know,2129,16120
13,23,No,14985,166173
13,23,Yes,0,0
13,23,Don't know,811,8629
15,23,Yes,0,0
15,23,No,2309,23888
15,23,Don't know,0,0
16,23,Yes,0,0
16,23,No,5811,33263
16,23,Don't know,0,0
17,23,Yes,0,0
17,23,No,25021,186904
17,23,Don't know,839,4460
18,23,Yes,0,0
18,23,No,11313,94037
18,23,Don't know,535,6628
19,23,Yes,0,0
19,23,No,7452,57613
19,23,Don't know,122,2888
20,23,Yes,0,0
20,23,No,5909,50694
20,23,Don't know,0,0
21,23,Yes,0,0
21,23,No,5380,64474
21,23,Don't know,0,0
22,23,No,5087,84644
22,23,Yes,0,0
22,23,Don't know,376,5781
24,23,Yes,0,0
24,23,No,11557,127545
24,23,Don't know,452,6573
23,23,Yes,0,0
23,23,No,3819,17974
23,23,Don't know,0,0
25,23,Yes,0,0
25,23,No,16894,145871
25,23,Don't know,621,5168
26,23,Yes,0,0
26,23,No,17884,123260
26,23,Don't know,362,4612
27,23,Yes,0,0
27,23,No,15457,99034
27,23,Don't know,773,8224
28,23,Yes,0,0
28,23,No,3502,47937
28,23,Don't know,0,0
29,23,Yes,0,0
29,23,No,10356,99001
29,23,Don't know,178,3034
30,23,Yes,0,0
30,23,No,0,0
30,23,Don't know,0,0
31,23,Yes,0,0
31,23,No,6034,65712
31,23,Don't know,0,0
32,23,Yes,0,0
32,23,No,3621,49381
32,23,Don't know,216,4922
34,23,Yes,0,0
34,23,No,17325,114283
34,23,Don't know,519,8718
33,23,Yes,0,0
33,23,No,3537,31451
33,23,Don't know,0,0
36,23,Yes,0,0
36,23,No,33394,277370
36,23,Don't know,1751,18237
35,23,Yes,0,0
35,23,No,2956,32782
35,23,Don't know,0,0
37,23,Yes,0,0
37,23,No,21483,196511
37,23,Don't know,638,4833
38,23,Yes,0,0
38,23,No,1913,34335
38,23,Don't know,0,0
39,23,Yes,0,0
39,23,No,18044,188115
39,23,Don't know,607,5011
40,23,Yes,0,0
40,23,No,6887,62478
40,23,Don't know,0,0
41,23,Yes,0,0
41,23,No,11673,119581
41,23,Don't know,256,4085
42,23,Yes,0,0
42,23,No,22637,202594
42,23,Don't know,1366,9468
45,23,Yes,0,0
45,23,No,8380,66405
45,23,Don't know,225,1128
44,23,Don't know,0,0
44,23,Yes,0,0
44,23,No,2302,21396
46,23,Yes,0,0
46,23,No,2932,20140
46,23,Don't know,0,0
47,23,Yes,0,0
47,23,No,7684,117222
47,23,Don't know,352,4293
48,23,Yes,0,0
48,23,No,36798,519921
48,23,Don't know,1781,29112
49,23,Yes,0,0
49,23,No,8169,73141
49,23,Don't know,261,3060
50,23,Yes,0,0
50,23,No,0,0
50,23,Don't know,0,0
53,23,Yes,0,0
53,23,No,18591,169686
53,23,Don't know,864,7759
51,23,Yes,0,0
51,23,No,16233,136089
51,23,Don't know,445,9887
54,23,Yes,0,0
54,23,No,2008,19010
54,23,Don't know,0,0
55,23,Yes,0,0
55,23,No,14879,131785
55,23,Don't know,0,0
56,23,Don't know,0,0
56,23,Yes,0,0
56,23,No,2293,15174
01,31-33,Yes,0,0
01,31-33,No,3228,214142
01,31-33,Don't know,261,35260
02,31-33,Yes,0,0
02,31-33,No,282,6781
02,31-33,Don't know,0,0
04,31-33,Yes,0,0
04,31-33,No,3184,95592
04,31-33,Don't know,150,31176
05,31-33,Yes,0,0
05,31-33,No,1802,89076
05,31-33,Don't know,169,53592
06,31-33,Yes,91,22381
06,31-33,No,26297,698833
06,31-33,Don't know,2328,158992
08,31-33,Yes,0,0
08,31-33,No,4070,86656
08,31-33,Don't know,210,18247
09,31-33,Yes,0,0
09,31-33,No,3159,99120
09,31-33,Don't know,124,25879
10,31-33,Yes,0,0
10,31-33,No,428,29696
10,31-33,Don't know,55,3494
11,31-33,Yes,0,0
11,31-33,No,62,699
11,31-33,Don't know,0,0
12,31-33,Yes,59,8625
12,31-33,No,9711,202250
12,31-33,Don't know,378,39049
13,31-33,Yes,37,12021
13,31-33,No,5205,268709
13,31-33,Don't know,230,51405
15,31-33,Yes,0,0
15,31-33,No,561,9680
15,31-33,Don't know,0,0
16,31-33,Don't know,55,8958
16,31-33,Yes,0,0
16,31-33,No,1464,51010
17,31-33,Yes,89,20014
17,31-33,No,9993,431986
17,31-33,Don't know,699,66950
18,31-33,Yes,0,0
18,31-33,No,6454,429082
18,31-33,Don't know,325,92834
19,31-33,Yes,0,0
19,31-33,No,2451,133856
19,31-33,Don't know,182,50992
20,31-33,No,2233,108593
20,31-33,Yes,0,0
20,31-33,Don't know,122,49744
21,31-33,Yes,0,0
21,31-33,No,2614,172183
21,31-33,Don't know,235,42727
22,31-33,Yes,0,0
22,31-33,No,2232,90599
22,31-33,Don't know,147,13305
24,31-33,Yes,0,0
24,31-33,No,2264,70443
24,31-33,Don't know,117,13600
23,31-33,Yes,0,0
23,31-33,No,1204,25965
23,31-33,Don't know,70,2784
25,31-33,Yes,21,5848
25,31-33,No,5026,150648
25,31-33,Don't know,243,36449
26,31-33,Yes,27,47240
26,31-33,No,9958,413905
26,31-33,Don't know,473,64986
27,31-33,Yes,0,0
27,31-33,No,5569,218584
27,31-33,Don't know,430,38578
28,31-33,Yes,0,0
28,31-33,No,1573,87623
28,31-33,Don't know,69,13071
29,31-33,Yes,15,16320
29,31-33,No,4271,168867
29,31-33,Don't know,185,52539
30,31-33,Yes,0,0
30,31-33,No,1125,15344
30,31-33,Don't know,52,1900
31,31-33,No,1519,72692
31,31-33,Yes,0,0
31,31-33,Don't know,51,21894
32,31-33,Yes,0,0
32,31-33,No,1196,29365
32,31-33,Don't know,79,8881
34,31-33,Yes,0,0
34,31-33,No,5328,150447
34,31-33,Don't know,350,27709
33,31-33,Yes,0,0
33,31-33,No,1396,42538
33,31-33,Don't know,116,8306
35,31-33,No,1131,20232
35,31-33,Yes,0,0
35,31-33,Don't know,46,2730
36,31-33,Yes,0,0
36,31-33,No,10320,261700
36,31-33,Don't know,617,47553
37,31-33,Yes,101,6894
37,31-33,No,6638,388703
37,31-33,Don't know,222,81463
38,31-33,Yes,0,0
38,31-33,No,598,19580
38,31-33,Don't know,0,0
39,31-33,Yes,120,28446
39,31-33,No,10548,490426
39,31-33,Don't know,678,68905
40,31-33,Yes,0,0
40,31-33,No,2628,95427
40,31-33,Don't know,141,13978
41,31-33,Yes,0,0
41,31-33,No,4458,123739
41,31-33,Don't know,235,22191
42,31-33,Yes,30,7414
42,31-33,No,9985,379644
42,31-33,Don't know,672,82871
45,31-33,Yes,0,0
45,31-33,No,3157,180282
45,31-33,Don't know,123,49168
44,31-33,Yes,0,0
44,31-33,No,781,22133
44,31-33,Don't know,53,5135
46,31-33,Yes,0,0
46,31-33,No,792,35948
46,31-33,Don't know,33,6077
47,31-33,Yes,18,13539
47,31-33,No,4067,213750
47,31-33,Don't know,306,57787
48,31-33,Yes,53,36461
48,31-33,No,13715,563401
48,31-33,Don't know,712,128670
49,31-33,Yes,0,0
49,31-33,No,2826,86280
49,31-33,Don't know,87,7302
50,31-33,Yes,0,0
50,31-33,No,766,14960
50,31-33,Don't know,25,1145
53,31-33,Yes,36,6864
53,31-33,No,5442,142428
53,31-33,Don't know,314,126180
51,31-33,Yes,0,0
51,31-33,No,3860,170912
51,31-33,Don't know,231,31412
54,31-33,Yes,0,0
54,31-33,No,863,40534
54,31-33,Don't know,41,2652
55,31-33,Yes,16,14036
55,31-33,No,7049,364802
55,31-33,Don't know,323,45736
56,31-33,Yes,0,0
56,31-33,No,397,7621
56,31-33,Don't know,61,2119
01,42,Yes,0,0
01,42,No,3580,66744
01,42,Don't know,201,5558
02,42,Don't know,72,477
02,42,Yes,0,0
02,42,No,316,6512
04,42,Yes,32,564
04,42,No,4172,77829
04,42,Don't know,124,9889
05,42,Yes,0,0
05,42,No,2369,27522
05,42,Don't know,98,3065
06,42,Yes,223,12536
06,42,No,37891,526020
06,42,Don't know,3522,83234
08,42,Yes,25,1229
08,42,No,5275,68754
08,42,Don't know,212,13388
09,42,Yes,0,0
09,42,No,2681,42554
09,42,Don't know,237,12661
10,42,Yes,0,0
10,42,No,709,17446
10,42,Don't know,104,603
11,42,Don't know,27,553
11,42,Yes,0,0
11,42,No,148,2282
12,42,Yes,88,3243
12,42,No,21276,221598
12,42,Don't know,1179,24594
13,42,Yes,184,3704
13,42,No,8832,141561
13,42,Don't know,438,22216
15,42,Yes,0,0
15,42,No,1336,12484
15,42,Don't know,78,954
16,42,Yes,0,0
16,42,No,1297,23712
16,42,Don't know,135,4513
17,42,Yes,107,7858
17,42,No,11409,190018
17,42,Don't know,840,42141
18,42,Don't know,520,8595
18,42,Yes,69,498
18,42,No,5217,86773
19,42,Yes,0,0
19,42,No,3092,46939
19,42,Don't know,158,4113
20,42,Yes,17,2841
20,42,No,2503,41444
20,42,Don't know,0,0
21,42,Yes,0,0
21,42,No,3111,50575
21,42,Don't know,140,4981
22,42,Yes,15,581
22,42,No,0,0
22,42,Don't know,213,4732
24,42,Yes,62,663
24,42,No,3538,51918
24,42,Don't know,148,9465
23,42,Yes,0,0
23,42,No,1052,11321
23,42,Don't know,41,752
25,42,Yes,85,1640
25,42,No,4938,103870
25,42,Don't know,292,20177
26,42,Yes,15,2519
26,42,No,7956,140643
26,42,Don't know,681,24894
27,42,Yes,83,2001
27,42,No,5644,111535
27,42,Don't know,434,10629
28,42,Yes,0,0
28,42,No,1647,20280
28,42,Don't know,77,2935
29,42,Yes,19,368
29,42,No,4714,95017
29,42,Don't know,531,11494
30,42,Yes,0,0
30,42,No,961,9366
30,42,Don't know,30,445
31,42,Yes,0,0
31,42,No,1835,25018
31,42,Don't know,54,2334
32,42,Yes,28,232
32,42,No,2081,23917
32,42,Don't know,113,5745
34,42,Yes,103,7380
34,42,No,10177,197518
34,42,Don't know,717,37454
33,42,No,1461,17386
33,42,Yes,0,0
33,42,Don't know,102,2811
35,42,Yes,30,236
35,42,No,1221,15561
35,42,Don't know,56,777
36,42,Yes,58,5726
36,42,No,18776,246079
36,42,Don't know,1404,28778
37,42,Yes,161,4956
37,42,No,8298,158843
37,42,Don't know,430,15561
38,42,Don't know,82,2684
38,42,Yes,0,0
38,42,No,978,12215
39,42,Don't know,619,28937
39,42,Yes,24,1340
39,42,No,8761,129678
40,42,Yes,0,0
40,42,No,2515,37234
40,42,Don't know,254,3518
41,42,Yes,30,773
41,42,No,3803,55787
41,42,Don't know,159,8943
42,42,Yes,79,2321
42,42,No,10149,194744
42,42,Don't know,417,28991
45,42,No,3261,50048
45,42,Yes,0,0
45,42,Don't know,207,6683
44,42,Yes,0,0
44,42,No,696,9854
44,42,Don't know,84,3509
46,42,Yes,0,0
46,42,No,961,12583
46,42,Don't know,89,1595
47,42,Don't know,321,13587
47,42,Yes,25,1178
47,42,No,3952,89541
48,42,Yes,130,12087
48,42,No,18372,374616
48,42,Don't know,1226,50549
49,42,Yes,19,306
49,42,No,2130,42469
49,42,Don't know,84,3645
50,42,Yes,0,0
50,42,No,565,15185
50,42,Don't know,19,369
53,42,Yes,78,2619
53,42,No,6191,76096
53,42,Don't know,253,10020
51,42,No,4526,84209
51,42,Yes,68,3351
51,42,Don't know,367,10728
54,42,Yes,0,0
54,42,No,725,6782
54,42,Don't know,40,1910
55,42,Yes,77,5501
55,42,No,4715,91316
55,42,Don't know,316,14475
56,42,Yes,0,0
56,42,No,342,4895
56,42,Don't know,32,176
01,44-45,Yes,0,0
01,44-45,No,8046,190771
01,44-45,Don't know,879,21412
02,44-45,Yes,0,0
02,44-45,No,1188,19880
02,44-45,Don't know,0,0
04,44-45,No,7021,214571
04,44-45,Yes,0,0
04,44-45,Don't know,308,45218
05,44-45,Yes,0,0
05,44-45,No,6400,128180
05,44-45,Don't know,166,6154
06,44-45,Yes,0,0
06,44-45,No,54037,1132542
06,44-45,Don't know,3813,227822
08,44-45,Yes,0,0
08,44-45,No,11656,221411
08,44-45,Don't know,321,29802
09,44-45,Yes,0,0
09,44-45,No,6098,114532
09,44-45,Don't know,382,20650
10,44-45,Yes,0,0
10,44-45,No,1791,42782
10,44-45,Don't know,137,8290
11,44-45,Yes,0,0
11,44-45,No,489,10694
11,44-45,Don't know,152,3906
12,44-45,Yes,0,0
12,44-45,No,35632,728614
12,44-45,Don't know,2446,89929
13,44-45,Yes,0,0
13,44-45,No,16346,336453
13,44-45,Don't know,1175,41320
15,44-45,No,2669,50488
15,44-45,Yes,0,0
15,44-45,Don't know,296,7201
16,44-45,Yes,0,0
16,44-45,No,3844,57907
16,44-45,Don't know,106,11256
17,44-45,Yes,0,0
17,44-45,No,19037,484596
17,44-45,Don't know,1575,78731
18,44-45,Yes,0,0
18,44-45,No,11067,303497
18,44-45,Don't know,858,14449
19,44-45,Yes,0,0
19,44-45,No,7207,178442
19,44-45,Don't know,611,10254
20,44-45,Yes,0,0
20,44-45,No,5771,123455
20,44-45,Don't know,247,9213
21,44-45,Yes,0,0
21,44-45,No,7977,170485
21,44-45,Don't know,816,17965
22,44-45,Don't know,807,27049
22,44-45,Yes,0,0
22,44-45,No,7579,194212
23,44-45,Yes,0,0
23,44-45,No,4077,66446
23,44-45,Don't know,109,18295
24,44-45,Yes,0,0
24,44-45,No,8738,201740
24,44-45,Don't know,696,33735
25,44-45,Yes,0,0
25,44-45,No,12753,206671
25,44-45,Don't know,688,54720
26,44-45,Yes,0,0
26,44-45,No,18217,397420
26,44-45,Don't know,1471,32834
27,44-45,Yes,0,0
27,44-45,Don't know,662,15678
27,44-45,No,9629,257571
28,44-45,Yes,0,0
28,44-45,No,5922,113404
28,44-45,Don't know,479,20869
29,44-45,Yes,0,0
29,44-45,No,11597,294697
29,44-45,Don't know,405,32337
30,44-45,Yes,0,0
30,44-45,No,3130,41924
30,44-45,Don't know,73,7161
31,44-45,Don't know,323,7024
31,44-45,Yes,0,0
31,44-45,No,4865,103736
32,44-45,No,3908,98765
32,44-45,Yes,0,0
32,44-45,Don't know,129,14742
34,44-45,Yes,0,0
34,44-45,No,15382,286611
34,44-45,Don't know,1851,63041
33,44-45,Yes,0,0
33,44-45,No,3116,57471
33,44-45,Don't know,95,18016
35,44-45,Yes,0,0
35,44-45,No,3331,73523
35,44-45,Don't know,23,9214
36,44-45,Don't know,3574,87470
36,44-45,Yes,0,0
36,44-45,No,37732,619381
37,44-45,Yes,0,0
37,44-45,No,17483,393130
37,44-45,Don't know,1549,75944
38,44-45,Yes,0,0
38,44-45,No,2326,51585
38,44-45,Don't know,114,1691
39,44-45,Yes,0,0
39,44-45,No,15644,410928
39,44-45,Don't know,1086,34863
40,44-45,Yes,0,0
40,44-45,No,7194,174224
40,44-45,Don't know,280,10386
41,44-45,Yes,0,0
41,44-45,No,9005,163731
41,44-45,Don't know,501,29482
42,44-45,Yes,0,0
42,44-45,No,22190,515402
42,44-45,Don't know,1431,53747
45,44-45,Yes,0,0
45,44-45,No,8735,182522
45,44-45,Don't know,817,28701
44,44-45,Yes,0,0
44,44-45,No,2443,31071
44,44-45,Don't know,26,4418
46,44-45,Yes,0,0
46,44-45,No,2633,50547
46,44-45,Don't know,71,1814
47,44-45,No,11295,269310
47,44-45,Yes,0,0
47,44-45,Don't know,674,20656
48,44-45,Yes,0,0
48,44-45,No,33768,1028389
48,44-45,Don't know,2139,133918
49,44-45,Yes,0,0
49,44-45,No,5308,102516
49,44-45,Don't know,424,10705
50,44-45,Yes,0,0
50,44-45,No,1958,25015
50,44-45,Don't know,21,6141
51,44-45,Yes,0,0
51,44-45,No,12698,294690
51,44-45,Don't know,605,55217
53,44-45,Yes,0,0
53,44-45,No,11754,252229
53,44-45,Don't know,808,58223
54,44-45,Yes,0,0
54,44-45,No,2940,59555
54,44-45,Don't know,315,6667
55,44-45,Yes,0,0
55,44-45,No,10834,283894
55,44-45,Don't know,158,9704
56,44-45,Yes,0,0
56,44-45,No,1739,23459
56,44-45,Don't know,29,2921
01,48-49,Yes,0,0
01,48-49,No,1876,54493
01,48-49,Don't know,190,8464
02,48-49,Yes,0,0
02,48-49,No,779,15232
02,48-49,Don't know,34,3236
04,48-49,Yes,0,0
04,48-49,No,1960,69536
04,48-49,Don't know,244,17963
05,48-49,Yes,0,0
05,48-49,No,1882,49880
05,48-49,Don't know,195,8320
06,48-49,Yes,0,0
06,48-49,No,14914,366708
06,48-49,Don't know,1237,91115
08,48-49,Yes,0,0
08,48-49,No,2750,52811
08,48-49,Don't know,159,12657
09,48-49,Yes,0,0
09,48-49,No,858,26021
09,48-49,Don't know,84,9976
10,48-49,Yes,0,0
10,48-49,No,540,10668
10,48-49,Don't know,25,2254
12,48-49,Yes,0,0
12,48-49,No,9225,175119
12,48-49,Don't know,750,38715
11,48-49,No,70,907
11,48-49,Yes,0,0
11,48-49,Don't know,0,0
13,48-49,Yes,0,0
13,48-49,No,3742,139752
13,48-49,Don't know,277,40127
15,48-49,No,518,31353
15,48-49,Don't know,39,1745
15,48-49,Yes,0,0
16,48-49,No,1502,16485
16,48-49,Yes,0,0
16,48-49,Don't know,75,2293
17,48-49,Yes,32,3586
17,48-49,No,11438,184060
17,48-49,Don't know,1046,42440
18,48-49,Yes,0,0
18,48-49,No,4240,90077
18,48-49,Don't know,356,21568
19,48-49,Yes,0,0
19,48-49,No,3027,61517
19,48-49,Don't know,233,5962
20,48-49,Yes,0,0
20,48-49,No,1959,25339
20,48-49,Don't know,107,11741
21,48-49,Yes,0,0
21,48-49,No,2056,48461
21,48-49,Don't know,377,13863
22,48-49,No,2091,49943
22,48-49,Yes,0,0
22,48-49,Don't know,154,11091
23,48-49,Yes,0,0
23,48-49,No,987,13879
23,48-49,Don't know,17,3254
24,48-49,Yes,0,0
24,48-49,No,2445,47659
24,48-49,Don't know,94,14360
25,48-49,Yes,0,0
25,48-49,No,2207,52605
25,48-49,Don't know,0,0
26,48-49,Yes,0,0
26,48-49,No,4458,82413
26,48-49,Don't know,477,14775
27,48-49,Don't know,208,10709
27,48-49,Yes,0,0
27,48-49,No,3923,72023
28,48-49,No,1285,25550
28,48-49,Yes,0,0
28,48-49,Don't know,129,8661
29,48-49,Yes,0,0
29,48-49,No,3685,68504
29,48-49,Don't know,209,13586
30,48-49,Yes,0,0
30,48-49,No,1108,8698
30,48-49,Don't know,27,2464
31,48-49,Yes,0,0
31,48-49,No,1979,32287
31,48-49,Don't know,136,2481
32,48-49,Yes,0,0
32,48-49,No,965,42209
32,48-49,Don't know,45,4514
34,48-49,Yes,0,0
34,48-49,No,4114,105578
34,48-49,Don't know,376,27545
33,48-49,Yes,0,0
33,48-49,No,563,17806
33,48-49,Don't know,23,2616
35,48-49,Yes,0,0
35,48-49,No,696,11847
35,48-49,Don't know,72,1862
36,48-49,Yes,0,0
36,48-49,No,7135,171897
36,48-49,Don't know,672,33596
37,48-49,Don't know,283,18287
37,48-49,Yes,0,0
37,48-49,No,4202,85213
38,48-49,Yes,0,0
38,48-49,No,1078,15822
38,48-49,Don't know,69,2674
39,48-49,Yes,0,0
39,48-49,No,4700,123214
39,48-49,Don't know,475,33546
40,48-49,Yes,0,0
40,48-49,No,2077,43276
40,48-49,Don't know,115,6234
41,48-49,Yes,0,0
41,48-49,No,2251,42578
41,48-49,Don't know,75,10435
42,48-49,Yes,0,0
42,48-49,No,5960,175088
42,48-49,Don't know,642,30621
45,48-49,Yes,0,0
45,48-49,No,1638,35728
45,48-49,Don't know,194,10974
44,48-49,No,463,4191
44,48-49,Yes,0,0
44,48-49,Don't know,21,2861
46,48-49,Yes,0,0
46,48-49,No,1121,7246
46,48-49,Don't know,87,1059
47,48-49,Yes,0,0
47,48-49,No,2529,118054
47,48-49,Don't know,196,47554
48,48-49,Yes,0,0
48,48-49,No,10135,341652
48,48-49,Don't know,1077,74572
49,48-49,Yes,0,0
49,48-49,No,1816,56081
49,48-49,Don't know,50,6195
50,48-49,Yes,0,0
50,48-49,No,330,2439
50,48-49,Don't know,0,0
51,48-49,Yes,0,0
51,48-49,No,3350,96345
51,48-49,Don't know,169,14051
53,48-49,Yes,0,0
53,48-49,No,3875,74255
53,48-49,Don't know,192,12809
54,48-49,Yes,0,0
54,48-49,No,763,9569
54,48-49,Don't know,21,2186
55,48-49,Yes,0,0
55,48-49,No,4856,94507
55,48-49,Don't know,167,8916
56,48-49,No,629,6163
56,48-49,Yes,0,0
56,48-49,Don't know,21,1098
01,51,Yes,0,0
01,51,No,494,19051
01,51,Don't know,54,11999
02,51,Yes,0,0
02,51,No,94,1676
02,51,Don't know,0,0
04,51,Don't know,102,11447
04,51,Yes,25,10655
04,51,No,1074,28262
05,51,Yes,0,0
05,51,No,507,10799
05,51,Don't know,27,7045
06,51,Yes,273,121716
06,51,No,12557,273059
06,51,Don't know,748,158215
08,51,Yes,39,12666
08,51,No,1624,64932
08,51,Don't know,121,11810
09,51,Yes,19,3551
09,51,No,781,20415
09,51,Don't know,49,7433
10,51,Yes,0,0
10,51,No,166,3892
10,51,Don't know,26,937
12,51,Yes,109,21437
12,51,No,4053,92318
12,51,Don't know,292,55025
11,51,Yes,0,0
11,51,No,233,8280
11,51,Don't know,33,2277
13,51,Yes,79,20403
13,51,No,1873,56134
13,51,Don't know,130,45833
15,51,Yes,0,0
15,51,No,190,5239
15,51,Don't know,24,913
16,51,Yes,0,0
16,51,No,460,10102
16,51,Don't know,18,1074
17,51,Don't know,321,38512
17,51,Yes,77,15545
17,51,No,2229,56916
18,51,Yes,0,0
18,51,No,969,23710
18,51,Don't know,59,11906
19,51,Yes,0,0
19,51,No,633,17531
19,51,Don't know,53,4867
20,51,Yes,0,0
20,51,No,451,25413
20,51,Don't know,77,6537
21,51,Yes,0,0
21,51,No,608,17818
21,51,Don't know,50,7267
22,51,Yes,0,0
22,51,No,495,12582
22,51,Don't know,46,8980
23,51,No,289,6125
23,51,Yes,0,0
23,51,Don't know,41,1563
24,51,Don't know,102,9648
24,51,Yes,35,14254
24,51,No,1086,26987
25,51,Yes,51,30902
25,51,No,1536,49983
25,51,Don't know,191,20055
26,51,Yes,43,7810
26,51,No,1689,43237
26,51,Don't know,78,20511
27,51,Yes,53,9238
27,51,No,1342,31827
27,51,Don't know,40,5963
28,51,Yes,0,0
28,51,No,212,8450
28,51,Don't know,39,5348
29,51,Yes,45,2636
29,51,No,923,39600
29,51,Don't know,115,21073
30,51,Yes,0,0
30,51,No,335,5080
30,51,Don't know,17,1813
31,51,Yes,0,0
31,51,No,310,14432
31,51,Don't know,28,2251
32,51,Yes,0,0
32,51,No,641,8497
32,51,Don't know,60,3309
34,51,Yes,58,32482
34,51,No,1432,43962
34,51,Don't know,141,23515
33,51,Yes,17,4033
33,51,No,306,8610
33,51,Don't know,16,1196
35,51,Yes,0,0
35,51,No,327,8907
35,51,Don't know,64,1207
36,51,Yes,109,48275
36,51,No,4763,120331
36,51,Don't know,430,37758
37,51,Yes,40,24956
37,51,No,1452,46625
37,51,Don't know,170,18440
38,51,Don't know,0,0
38,51,Yes,0,0
38,51,No,163,3525
39,51,Yes,46,11558
39,51,No,1393,47957
39,51,Don't know,80,40644
40,51,Yes,0,0
40,51,No,748,11056
40,51,Don't know,24,10652
41,51,Yes,48,3133
41,51,No,1010,23579
41,51,Don't know,53,4422
42,51,Yes,47,29477
42,51,No,1538,71645
42,51,Don't know,76,14597
44,51,Yes,0,0
44,51,No,0,0
44,51,Don't know,0,0
45,51,Yes,0,0
45,51,No,576,20268
45,51,Don't know,48,5705
46,51,Yes,0,0
46,51,No,212,5460
46,51,Don't know,35,1477
47,51,Yes,0,0
47,51,No,1165,30280
47,51,Don't know,67,14506
48,51,Yes,152,45891
48,51,No,3569,121162
48,51,Don't know,291,86300
49,51,Yes,38,8112
49,51,No,822,29691
49,51,Don't know,73,7566
50,51,Yes,0,0
50,51,No,205,2757
50,51,Don't know,0,0
51,51,Yes,54,27037
51,51,No,1527,45594
51,51,Don't know,114,15884
53,51,Don't know,102,15133
53,51,Yes,178,91626
53,51,No,1623,54301
54,51,Yes,0,0
54,51,No,151,3769
54,51,Don't know,19,1822
55,51,Yes,0,0
55,51,No,671,22557
55,51,Don't know,99,16048
56,51,Yes,0,0
56,51,No,173,2176
56,51,Don't know,0,0
01,52,Yes,0,0
01,52,No,2349,50940
01,52,Don't know,30,15843
02,52,Yes,0,0
02,52,No,315,5567
02,52,Don't know,0,0
04,52,Yes,0,0
04,52,No,4272,66782
04,52,Don't know,306,46474
05,52,Yes,0,0
05,52,No,1801,27262
05,52,Don't know,195,2239
06,52,Yes,15,2953
06,52,No,21257,310815
06,52,Don't know,1364,125411
08,52,Yes,0,0
08,52,No,4784,62546
08,52,Don't know,220,20274
09,52,Yes,0,0
09,52,No,2614,64534
09,52,Don't know,174,18104
10,52,Yes,0,0
10,52,No,799,18951
10,52,Don't know,71,3421
12,52,Yes,136,2628
12,52,No,13375,174050
12,52,Don't know,1176,65426
11,52,Yes,0,0
11,52,No,305,7148
11,52,Don't know,74,2675
13,52,Yes,0,0
13,52,No,6201,124211
13,52,Don't know,431,34146
15,52,Yes,0,0
15,52,No,644,14372
15,52,Don't know,18,320
16,52,Yes,0,0
16,52,No,1089,10251
16,52,Don't know,48,3315
17,52,Yes,95,4475
17,52,No,9363,196264
17,52,Don't know,902,78232
18,52,Yes,0,0
18,52,No,4477,83703
18,52,Don't know,146,15377
19,52,Yes,0,0
19,52,No,3489,77396
19,52,Don't know,92,23959
20,52,Yes,0,0
20,52,No,3051,41695
20,52,Don't know,106,4580
21,52,Yes,0,0
21,52,No,2516,32891
21,52,Don't know,221,27834
22,52,Yes,0,0
22,52,No,2545,39021
22,52,Don't know,231,5512
23,52,Yes,0,0
23,52,No,788,16047
23,52,Don't know,18,685
24,52,Yes,0,0
24,52,No,2800,53640
24,52,Don't know,252,14985
25,52,Yes,0,0
25,52,No,3679,102861
25,52,Don't know,149,16725
26,52,Yes,0,0
26,52,No,4824,104971
26,52,Don't know,340,23007
27,52,Yes,0,0
27,52,No,4682,89531
27,52,Don't know,288,30711
28,52,Yes,0,0
28,52,No,1452,18759
28,52,Don't know,122,3525
29,52,Yes,0,0
29,52,No,4851,92315
29,52,Don't know,375,20685
30,52,Yes,0,0
30,52,No,885,8510
30,52,Don't know,12,2012
31,52,Yes,0,0
31,52,No,1667,50831
31,52,Don't know,202,3693
32,52,No,1818,18698
32,52,Yes,0,0
32,52,Don't know,66,5939
34,52,Yes,0,0
34,52,No,4680,102359
34,52,Don't know,275,27182
33,52,Yes,0,0
33,52,No,1042,22721
33,52,Don't know,71,5542
35,52,Yes,0,0
35,52,No,822,5855
35,52,Don't know,35,4402
36,52,Yes,0,0
36,52,No,10255,236819
36,52,Don't know,764,57562
37,52,Yes,0,0
37,52,No,5724,85538
37,52,Don't know,222,63392
38,52,Yes,0,0
38,52,No,1123,11464
38,52,Don't know,0,0
39,52,Don't know,429,48792
39,52,Yes,0,0
39,52,No,7210,167420
40,52,Yes,0,0
40,52,No,3306,32737
40,52,Don't know,65,2932
41,52,Yes,0,0
41,52,No,2558,40569
41,52,Don't know,107,13203
42,52,No,6849,178140
42,52,Yes,0,0
42,52,Don't know,432,48415
44,52,Yes,0,0
44,52,No,505,20822
44,52,Don't know,18,3373
45,52,Yes,0,0
45,52,No,2773,37312
45,52,Don't know,174,24050
46,52,Yes,0,0
46,52,No,980,14802
46,52,Don't know,55,5698
47,52,Yes,0,0
47,52,No,3612,99765
47,52,Don't know,262,14784
48,52,Yes,53,673
48,52,No,14922,340452
48,52,Don't know,924,112410
49,52,Yes,0,0
49,52,No,2770,48236
49,52,Don't know,241,8933
50,52,Yes,0,0
50,52,No,468,8879
50,52,Don't know,0,0
51,52,Yes,0,0
51,52,No,4739,121536
51,52,Don't know,298,24045
53,52,Yes,0,0
53,52,No,4056,77035
53,52,Don't know,386,11879
54,52,Yes,0,0
54,52,No,0,0
54,52,Don't know,65,522
55,52,No,3959,110506
55,52,Yes,0,0
55,52,Don't know,297,11424
56,52,Yes,0,0
56,52,No,409,4489
56,52,Don't know,0,0
01,53,Yes,0,0
01,53,No,2770,27214
01,53,Don't know,0,0
02,53,Yes,0,0
02,53,No,913,6195
02,53,Don't know,0,0
04,53,Yes,0,0
04,53,No,6264,30122
04,53,Don't know,238,5752
05,53,Yes,0,0
05,53,No,1732,6615
05,53,Don't know,0,0
06,53,Yes,0,0
06,53,No,33391,219433
06,53,Don't know,2166,19700
08,53,Yes,0,0
08,53,No,9864,35536
08,53,Don't know,285,1004
09,53,Yes,0,0
09,53,No,1558,13620
09,53,Don't know,0,0
10,53,Don't know,0,0
10,53,Yes,0,0
10,53,No,1016,2643
12,53,Yes,0,0
12,53,No,23110,100226
12,53,Don't know,1557,5308
11,53,Yes,0,0
11,53,No,476,3828
11,53,Don't know,0,0
13,53,Yes,0,0
13,53,No,6782,30235
13,53,Don't know,364,2949
15,53,Yes,0,0
15,53,No,1359,6384
15,53,Don't know,0,0
16,53,Yes,0,0
16,53,No,2168,5099
16,53,Don't know,0,0
17,53,Yes,0,0
17,53,No,6761,48094
17,53,Don't know,0,0
18,53,Yes,0,0
18,53,No,4609,23881
18,53,Don't know,236,815
19,53,Yes,0,0
19,53,No,2169,6313
19,53,Don't know,0,0
20,53,Yes,0,0
20,53,No,2747,17256
20,53,Don't know,0,0
21,53,Yes,0,0
21,53,No,2463,10204
21,53,Don't know,294,1092
22,53,Yes,0,0
22,53,No,2995,54082
22,53,Don't know,0,0
23,53,Yes,0,0
23,53,No,1174,4998
23,53,Don't know,0,0
24,53,Yes,0,0
24,53,No,4131,23400
24,53,Don't know,251,3142
25,53,Yes,0,0
25,53,No,4114,27035
25,53,Don't know,250,2215
26,53,Yes,0,0
26,53,No,5156,31701
26,53,Don't know,319,2993
27,53,Yes,0,0
27,53,No,5177,40144
27,53,Don't know,0,0
28,53,Yes,0,0
28,53,No,1335,6750
28,53,Don't know,0,0
29,53,Yes,0,0
29,53,No,4036,29806
29,53,Don't know,0,0
30,53,Yes,0,0
30,53,No,1651,3948
30,53,Don't know,0,0
31,53,Yes,0,0
31,53,No,2032,24361
31,53,Don't know,268,709
32,53,Yes,0,0
32,53,No,2776,13217
32,53,Don't know,0,0
33,53,Don't know,0,0
33,53,Yes,0,0
33,53,No,996,4367
35,53,Yes,0,0
35,53,No,1604,5572
35,53,Don't know,0,0
34,53,Yes,0,0
34,53,No,0,0
34,53,Don't know,363,2189
36,53,Yes,0,0
36,53,No,17443,87851
36,53,Don't know,1321,8785
37,53,Yes,0,0
37,53,No,8886,45315
37,53,Don't know,574,1862
38,53,Yes,0,0
38,53,No,944,3450
38,53,Don't know,0,0
39,53,Yes,0,0
39,53,No,5859,40933
39,53,Don't know,397,1603
40,53,Yes,0,0
40,53,No,2779,14687
40,53,Don't know,0,0
41,53,Yes,0,0
41,53,No,4651,19293
41,53,Don't know,0,0
42,53,Yes,0,0
42,53,No,5269,32787
42,53,Don't know,267,2046
44,53,Yes,0,0
44,53,No,0,0
44,53,Don't know,0,0
45,53,No,3731,16248
45,53,Yes,0,0
45,53,Don't know,219,2019
46,53,Yes,0,0
46,53,No,850,2256
46,53,Don't know,0,0
47,53,Yes,0,0
47,53,No,3235,33863
47,53,Don't know,0,0
48,53,Yes,0,0
48,53,No,15977,104956
48,53,Don't know,1080,9263
49,53,Yes,0,0
49,53,No,3993,13398
49,53,Don't know,0,0
50,53,Yes,0,0
50,53,No,0,0
50,53,Don't know,0,0
51,53,Yes,0,0
51,53,No,5993,39858
51,53,Don't know,562,3732
53,53,Yes,0,0
53,53,No,7072,37156
53,53,Don't know,251,1236
54,53,Yes,0,0
54,53,No,1178,5999
54,53,Don't know,0,0
55,53,Yes,0,0
55,53,No,3375,43353
55,53,Don't know,303,1256
56,53,Yes,0,0
56,53,No,942,3707
56,53,Don't know,0,0
01,54,Yes,245,3351
01,54,No,6730,65159
01,54,Don't know,399,22360
02,54,Yes,0,0
02,54,No,1500,14604
02,54,Don't know,41,2143
04,54,Yes,128,3005
04,54,No,13398,87743
04,54,Don't know,618,11917
05,54,Yes,62,883
05,54,No,4656,23729
05,54,Don't know,253,2454
06,54,Yes,1905,56067
06,54,No,86802,723858
06,54,Don't know,4957,171323
08,54,Yes,332,5882
08,54,No,21584,201094
08,54,Don't know,825,27168
09,54,Yes,146,5393
09,54,No,6792,63708
09,54,Don't know,367,6574
10,54,Yes,71,1511
10,54,No,2193,23191
10,54,Don't know,88,1387
12,54,Yes,559,20432
12,54,No,57382,356336
12,54,Don't know,2093,58063
11,54,Yes,100,2477
11,54,No,3388,70010
11,54,Don't know,211,11945
13,54,Yes,214,11657
13,54,No,20854,168386
13,54,Don't know,1144,46682
15,54,Don't know,141,2721
15,54,Yes,0,0
15,54,No,2191,18053
16,54,Yes,63,835
16,54,No,3872,28228
16,54,Don't know,103,7596
17,54,Yes,297,18565
17,54,No,28811,233716
17,54,Don't know,1363,50629
18,54,Yes,172,2603
18,54,No,9895,97075
18,54,Don't know,289,11410
19,54,Yes,32,4103
19,54,No,5328,48211
19,54,Don't know,280,5205
20,54,Yes,30,2795
20,54,No,5550,38685
20,54,Don't know,421,5593
21,54,Yes,81,1614
21,54,No,6543,44665
21,54,Don't know,394,12383
22,54,Yes,0,0
22,54,No,8232,67036
22,54,Don't know,363,5033
23,54,Yes,0,0
23,54,No,2936,14659
23,54,Don't know,48,901
24,54,Yes,0,0
24,54,No,15189,182877
24,54,Don't know,830,40833
25,54,Yes,193,10908
25,54,No,15592,187571
25,54,Don't know,772,37733
26,54,Don't know,1081,26464
26,54,Yes,246,25463
26,54,No,15569,144373
27,54,Yes,92,4799
27,54,No,13733,112236
27,54,Don't know,453,14906
28,54,Yes,0,0
28,54,No,3277,24350
28,54,Don't know,104,2152
29,54,Yes,82,30295
29,54,No,10858,98427
29,54,Don't know,429,17713
30,54,Yes,0,0
30,54,No,3093,11911
30,54,Don't know,228,1547
31,54,Yes,0,0
31,54,No,4097,34701
31,54,Don't know,70,2680
32,54,Don't know,455,6297
32,54,Yes,83,1237
32,54,No,5778,33907
33,54,Yes,43,772
33,54,No,2857,29965
33,54,Don't know,145,2538
35,54,Yes,0,0
35,54,No,3291,21246
35,54,Don't know,199,41797
34,54,Yes,492,17410
34,54,No,19132,170666
34,54,Don't know,1149,49025
36,54,No,41197,442404
36,54,Yes,278,34116
36,54,Don't know,2405,75436
37,54,Yes,146,8067
37,54,No,20105,154134
37,54,Don't know,695,28812
38,54,Yes,0,0
38,54,No,1545,12576
38,54,Don't know,38,459
39,54,Yes,338,11551
39,54,No,19234,215388
39,54,Don't know,672,22204
40,54,Yes,43,1209
40,54,No,7573,51093
40,54,Don't know,558,10857
41,54,Yes,88,2346
41,54,No,10511,72083
41,54,Don't know,570,4558
42,54,Yes,273,12996
42,54,No,22720,230343
42,54,Don't know,943,32346
44,54,Yes,0,0
44,54,No,2040,12563
44,54,Don't know,46,2540
45,54,Yes,77,1371
45,54,No,8554,78608
45,54,Don't know,342,9085
46,54,Yes,0,0
46,54,No,1490,7602
46,54,Don't know,95,469
47,54,Yes,49,1603
47,54,No,7987,85806
47,54,Don't know,430,19738
48,54,Yes,967,29815
48,54,No,47749,467874
48,54,Don't know,1831,102640
49,54,Yes,87,3652
49,54,No,8341,69806
49,54,Don't know,502,6070
50,54,Yes,0,0
50,54,No,1825,8922
50,54,Don't know,50,770
51,54,Yes,465,19124
51,54,No,21624,264964
51,54,Don't know,1026,86085
53,54,Yes,399,9987
53,54,No,16694,158500
53,54,Don't know,673,44321
54,54,Yes,0,0
54,54,No,2075,19989
54,54,Don't know,115,1273
55,54,Yes,114,3814
55,54,No,9493,79912
55,54,Don't know,388,11232
56,54,Yes,0,0
56,54,No,0,0
56,54,Don't know,35,132
01,55,Yes,0,0
01,55,No,366,20278
01,55,Don't know,18,1699
02,55,Yes,0,0
02,55,No,86,3185
02,55,Don't know,56,3314
04,55,Yes,0,0
04,55,No,415,25255
04,55,Don't know,36,3895
05,55,Yes,0,0
05,55,No,228,44705
05,55,Don't know,0,0
06,55,Yes,19,71100
06,55,No,1648,165139
06,55,Don't know,275,28261
08,55,Yes,0,0
08,55,No,548,39872
08,55,Don't know,36,5326
09,55,Yes,0,0
09,55,No,208,11057
09,55,Don't know,26,2145
10,55,Yes,0,0
10,55,No,370,4197
10,55,Don't know,32,1782
12,55,Yes,0,0
12,55,No,1237,89696
12,55,Don't know,60,14194
11,55,Yes,0,0
11,55,No,57,1870
11,55,Don't know,26,393
13,55,Yes,0,0
13,55,No,537,77001
13,55,Don't know,64,24129
15,55,Yes,0,0
15,55,No,161,3543
15,55,Don't know,0,0
16,55,Yes,0,0
16,55,No,175,7474
16,55,Don't know,0,0
17,55,Yes,16,14045
17,55,No,898,124986
17,55,Don't know,184,40346
18,55,Yes,0,0
18,55,No,272,27679
18,55,Don't know,32,18698
19,55,Don't know,0,0
19,55,Yes,0,0
19,55,No,315,15721
20,55,Yes,0,0
20,55,No,340,17144
20,55,Don't know,21,1736
21,55,Yes,0,0
21,55,No,455,24329
21,55,Don't know,66,2915
22,55,Yes,0,0
22,55,No,513,21856
22,55,Don't know,20,3663
23,55,Yes,0,0
23,55,No,45,5744
23,55,Don't know,0,0
24,55,Yes,0,0
24,55,No,300,16277
24,55,Don't know,28,3710
25,55,Yes,0,0
25,55,No,0,0
25,55,Don't know,55,30676
26,55,Yes,0,0
26,55,No,0,0
26,55,Don't know,54,22054
27,55,Yes,0,0
27,55,No,503,73713
27,55,Don't know,36,3399
28,55,Yes,0,0
28,55,No,161,9468
28,55,Don't know,0,0
29,55,Yes,0,0
29,55,No,474,40509
29,55,Don't know,32,4291
30,55,Yes,0,0
30,55,No,39,1229
30,55,Don't know,0,0
31,55,Yes,0,0
31,55,No,204,11068
31,55,Don't know,19,5093
32,55,Yes,0,0
32,55,No,0,0
32,55,Don't know,0,0
33,55,Yes,0,0
33,55,No,87,3692
33,55,Don't know,16,602
35,55,Yes,0,0
35,55,No,108,2571
35,55,Don't know,0,0
34,55,Yes,0,0
34,55,No,414,58466
34,55,Don't know,62,29967
36,55,Yes,0,0
36,55,No,1272,92869
36,55,Don't know,70,20515
37,55,Yes,0,0
37,55,No,635,45222
37,55,Don't know,45,15418
38,55,Yes,0,0
38,55,No,85,5397
38,55,Don't know,0,0
39,55,Yes,0,0
39,55,No,942,82868
39,55,Don't know,76,25519
40,55,Yes,0,0
40,55,No,421,27234
40,55,Don't know,17,7919
41,55,Yes,0,0
41,55,No,176,35575
41,55,Don't know,0,0
42,55,Yes,0,0
42,55,No,790,97204
42,55,Don't know,77,24284
44,55,Yes,0,0
44,55,No,81,4285
44,55,Don't know,0,0
45,55,Yes,0,0
45,55,No,329,18760
45,55,Don't know,18,3046
46,55,Yes,0,0
46,55,No,0,0
46,55,Don't know,0,0
47,55,Yes,0,0
47,55,No,394,50709
47,55,Don't know,43,25180
48,55,Yes,0,0
48,55,No,1958,180057
48,55,Don't know,205,65484
49,55,Yes,0,0
49,55,No,322,15849
49,55,Don't know,75,3660
50,55,Yes,0,0
50,55,No,16,471
50,55,Don't know,0,0
51,55,Yes,0,0
51,55,No,629,55991
51,55,Don't know,43,5306
53,55,Yes,0,0
53,55,No,699,38477
53,55,Don't know,71,30864
54,55,Yes,0,0
54,55,No,0,0
54,55,Don't know,0,0
55,55,Yes,0,0
55,55,No,808,49759
55,55,Don't know,32,5941
56,55,Yes,0,0
56,55,No,0,0
56,55,Don't know,0,0
01,56,Yes,0,0
01,56,No,3232,145508
01,56,Don't know,181,7757
02,56,Yes,0,0
02,56,No,670,13395
02,56,Don't know,0,0
04,56,Yes,0,0
04,56,No,5116,198981
04,56,Don't know,271,5445
05,56,Yes,0,0
05,56,No,1887,36796
05,56,Don't know,62,2556
06,56,Yes,217,4574
06,56,No,28638,1014531
06,56,Don't know,1973,238003
08,56,Yes,0,0
08,56,No,5940,137150
08,56,Don't know,255,4588
09,56,Don't know,334,5174
09,56,Yes,0,0
09,56,No,3690,81128
10,56,No,605,14234
10,56,Yes,0,0
10,56,Don't know,0,0
12,56,Yes,0,0
12,56,No,27239,882496
12,56,Don't know,953,38200
11,56,Yes,0,0
11,56,No,395,21612
11,56,Don't know,13,886
13,56,Yes,0,0
13,56,No,7982,228641
13,56,Don't know,616,22354
15,56,Yes,0,0
15,56,No,816,13846
15,56,Don't know,55,1506
16,56,Yes,0,0
16,56,No,2180,29744
16,56,Don't know,149,1438
17,56,Don't know,779,23416
17,56,Yes,0,0
17,56,No,11688,412858
18,56,Yes,0,0
18,56,No,5745,178768
18,56,Don't know,308,2669
19,56,Yes,0,0
19,56,No,2395,97701
19,56,Don't know,71,2304
20,56,Yes,0,0
20,56,No,3340,55707
20,56,Don't know,124,3592
21,56,Don't know,244,3270
21,56,Yes,0,0
21,56,No,2611,78386
23,56,Yes,0,0
23,56,No,1490,43911
23,56,Don't know,73,485
22,56,Yes,0,0
22,56,No,2783,68665
22,56,Don't know,227,4532
24,56,Don't know,329,5676
24,56,Yes,0,0
24,56,No,6059,150198
25,56,Yes,0,0
25,56,No,6682,172142
25,56,Don't know,132,7612
26,56,Yes,0,0
26,56,No,8193,333663
26,56,Don't know,227,6282
27,56,Don't know,128,3575
27,56,Yes,0,0
27,56,No,5654,114374
28,56,Yes,0,0
28,56,No,922,34546
28,56,Don't know,114,1770
29,56,Yes,0,0
29,56,No,5562,142941
29,56,Don't know,348,11493
30,56,Yes,0,0
30,56,No,1208,15136
30,56,Don't know,0,0
31,56,Yes,0,0
31,56,No,1968,52302
31,56,Don't know,215,5869
32,56,Yes,0,0
32,56,No,2950,101394
32,56,Don't know,283,5350
33,56,Yes,0,0
33,56,No,1499,26183
33,56,Don't know,79,891
35,56,Yes,0,0
35,56,No,1545,27983
35,56,Don't know,59,649
34,56,Yes,0,0
34,56,No,8267,216051
34,56,Don't know,391,20688
36,56,Yes,0,0
36,56,No,17348,332078
36,56,Don't know,1253,101032
37,56,Yes,0,0
37,56,No,8655,175952
37,56,Don't know,370,8082
38,56,Yes,0,0
38,56,No,1215,10511
38,56,Don't know,0,0
39,56,Yes,0,0
39,56,No,8691,213756
39,56,Don't know,642,19793
40,56,Yes,0,0
40,56,No,2847,81352
40,56,Don't know,195,10995
41,56,Yes,0,0
41,56,No,4643,80043
41,56,Don't know,81,2343
42,56,Yes,0,0
42,56,No,11423,241575
42,56,Don't know,424,7975
44,56,Yes,0,0
44,56,No,1151,19946
44,56,Don't know,0,0
45,56,Yes,0,0
45,56,No,4618,109512
45,56,Don't know,144,166692
46,56,Yes,0,0
46,56,No,1183,10251
46,56,Don't know,0,0
47,56,Yes,0,0
47,56,No,4686,180078
47,56,Don't know,210,7757
48,56,Yes,0,0
48,56,No,19369,647764
48,56,Don't know,761,77512
49,56,Yes,0,0
49,56,No,3318,101356
49,56,Don't know,165,4923
50,56,Yes,0,0
50,56,No,696,5116
50,56,Don't know,0,0
51,56,Yes,0,0
51,56,No,8222,225682
51,56,Don't know,351,13990
53,56,Yes,0,0
53,56,No,6528,105796
53,56,Don't know,516,11138
54,56,Yes,0,0
54,56,No,1058,21009
54,56,Don't know,0,0
55,56,Yes,0,0
55,56,No,5303,146721
55,56,Don't know,89,1923
56,56,Yes,0,0
56,56,No,655,4215
56,56,Don't know,0,0
01,61,Yes,0,0
01,61,No,357,9960
01,61,Don't know,0,0
02,61,Yes,0,0
02,61,No,0,0
02,61,Don't know,0,0
04,61,Yes,0,0
04,61,No,1057,29666
04,61,Don't know,0,0
05,61,Yes,0,0
05,61,No,308,3222
05,61,Don't know,0,0
06,61,Yes,0,0
06,61,No,7098,106521
06,61,Don't know,0,0
08,61,Yes,0,0
08,61,No,1213,9697
08,61,Don't know,0,0
09,61,Yes,0,0
09,61,No,925,7010
09,61,Don't know,0,0
10,61,Yes,0,0
10,61,No,0,0
10,61,Don't know,0,0
12,61,Yes,0,0
12,61,No,4172,48509
12,61,Don't know,306,5129
11,61,Yes,0,0
11,61,No,0,0
11,61,Don't know,0,0
13,61,Yes,0,0
13,61,No,1809,12605
13,61,Don't know,0,0
15,61,Yes,0,0
15,61,No,0,0
15,61,Don't know,0,0
16,61,Yes,0,0
16,61,No,0,0
16,61,Don't know,0,0
17,61,Yes,0,0
17,61,No,2217,22984
17,61,Don't know,178,5909
18,61,Yes,0,0
18,61,No,755,5286
18,61,Don't know,0,0
19,61,Yes,0,0
19,61,No,586,4066
19,61,Don't know,0,0
20,61,Don't know,0,0
20,61,Yes,0,0
20,61,No,261,3026
21,61,Yes,0,0
21,61,No,603,7641
21,61,Don't know,0,0
23,61,Yes,0,0
23,61,No,0,0
23,61,Don't know,0,0
22,61,Yes,0,0
22,61,No,503,5361
22,61,Don't know,0,0
24,61,Yes,0,0
24,61,No,1266,14598
24,61,Don't know,0,0
25,61,Yes,0,0
25,61,No,1718,14278
25,61,Don't know,0,0
26,61,Yes,0,0
26,61,No,1346,9583
26,61,Don't know,0,0
27,61,Yes,0,0
27,61,No,836,19197
27,61,Don't know,0,0
28,61,Yes,0,0
28,61,No,0,0
28,61,Don't know,0,0
29,61,Yes,0,0
29,61,No,0,0
29,61,Don't know,0,0
30,61,Yes,0,0
30,61,No,0,0
30,61,Don't know,0,0
31,61,Yes,0,0
31,61,No,303,6051
31,61,Don't know,0,0
32,61,Yes,0,0
32,61,No,354,3174
32,61,Don't know,0,0
33,61,Yes,0,0
33,61,No,0,0
33,61,Don't know,0,0
35,61,Yes,0,0
35,61,No,0,0
35,61,Don't know,0,0
34,61,Yes,0,0
34,61,No,2387,25017
34,61,Don't know,0,0
36,61,Yes,0,0
36,61,No,4185,86296
36,61,Don't know,0,0
37,61,Yes,0,0
37,61,No,1835,15453
37,61,Don't know,0,0
38,61,Yes,0,0
38,61,No,0,0
38,61,Don't know,0,0
39,61,Yes,0,0
39,61,No,1418,11319
39,61,Don't know,0,0
40,61,Yes,0,0
40,61,No,445,2902
40,61,Don't know,0,0
41,61,Yes,0,0
41,61,No,0,0
41,61,Don't know,0,0
42,61,Yes,0,0
42,61,No,1802,21295
42,61,Don't know,0,0
44,61,Yes,0,0
44,61,No,0,0
44,61,Don't know,0,0
45,61,Yes,0,0
45,61,No,576,6547
45,61,Don't know,0,0
46,61,Yes,0,0
46,61,No,0,0
46,61,Don't know,0,0
47,61,Yes,0,0
47,61,No,441,5213
47,61,Don't know,0,0
48,61,Yes,0,0
48,61,No,3257,31483
48,61,Don't know,219,1997
49,61,Yes,0,0
49,61,No,719,8444
49,61,Don't know,0,0
50,61,Yes,0,0
50,61,No,0,0
50,61,Don't know,0,0
51,61,Yes,0,0
51,61,No,1676,17725
51,61,Don't know,0,0
53,61,Yes,0,0
53,61,No,1764,10988
53,61,Don't know,0,0
54,61,Yes,0,0
54,61,No,0,0
54,61,Don't know,0,0
55,61,Yes,0,0
55,61,No,683,9235
55,61,Don't know,0,0
56,61,Yes,0,0
56,61,No,0,0
56,61,Don't know,0,0
01,62,Yes,0,0
01,62,No,5893,127170
01,62,Don't know,0,0
02,62,Yes,0,0
02,62,No,1679,27707
02,62,Don't know,0,0
04,62,Yes,0,0
04,62,No,10228,158204
04,62,Don't know,648,11181
05,62,Yes,0,0
05,62,No,4818,85735
05,62,Don't know,407,2033
06,62,Yes,0,0
06,62,No,69079,1032877
06,62,Don't know,3949,60146
08,62,Yes,0,0
08,62,No,10847,149133
08,62,Don't know,282,6064
09,62,Yes,0,0
09,62,No,5859,100149
09,62,Don't know,0,0
10,62,Yes,0,0
10,62,No,1223,22449
10,62,Don't know,0,0
11,62,Don't know,0,0
11,62,Yes,0,0
11,62,No,718,15888
12,62,Yes,0,0
12,62,No,36171,628523
12,62,Don't know,2327,39802
13,62,Yes,0,0
13,62,No,13669,211451
13,62,Don't know,970,13847
15,62,Yes,0,0
15,62,No,2098,19471
15,62,Don't know,0,0
16,62,Yes,0,0
16,62,No,3960,45450
16,62,Don't know,0,0
17,62,Yes,0,0
17,62,No,20236,350339
17,62,Don't know,785,18516
18,62,Yes,0,0
18,62,No,7886,208708
18,62,Don't know,229,4590
19,62,Yes,0,0
19,62,No,4612,66432
19,62,Don't know,0,0
20,62,Yes,0,0
20,62,No,4561,109713
20,62,Don't know,342,26842
21,62,Yes,0,0
21,62,No,5903,105301
21,62,Don't know,187,4373
23,62,Yes,0,0
23,62,No,1887,33136
23,62,Don't know,0,0
22,62,Yes,0,0
22,62,No,6901,128368
22,62,Don't know,329,2475
24,62,Yes,0,0
24,62,No,8644,165421
24,62,Don't know,568,6473
25,62,Yes,0,0
25,62,No,8094,196573
25,62,Don't know,299,13738
26,62,Yes,0,0
26,62,No,15144,211645
26,62,Don't know,654,6116
27,62,Don't know,229,2239
27,62,Yes,0,0
27,62,No,8105,187294
28,62,Yes,0,0
28,62,No,3810,77592
28,62,Don't know,415,2616
29,62,No,8833,156628
29,62,Yes,0,0
29,62,Don't know,282,3520
30,62,Yes,0,0
30,62,No,2081,19935
30,62,Don't know,0,0
31,62,Yes,0,0
31,62,No,4074,56516
31,62,Don't know,0,0
32,62,Yes,0,0
32,62,No,4491,77083
32,62,Don't know,0,0
33,62,Yes,0,0
33,62,No,2046,40182
33,62,Don't know,0,0
35,62,Yes,0,0
35,62,No,2820,65960
35,62,Don't know,0,0
34,62,Yes,0,0
34,62,No,17188,250430
34,62,Don't know,0,0
36,62,Yes,0,0
36,62,No,31126,488296
36,62,Don't know,2348,98769
37,62,Yes,0,0
37,62,No,14466,257683
37,62,Don't know,535,32545
38,62,No,0,0
38,62,Yes,0,0
38,62,Don't know,0,0
39,62,Don't know,0,0
39,62,Yes,0,0
39,62,No,14677,272579
40,62,Yes,0,0
40,62,No,5697,92476
40,62,Don't know,0,0
41,62,Yes,0,0
41,62,No,7822,113432
41,62,Don't know,322,6470
42,62,Yes,0,0
42,62,No,17857,351710
42,62,Don't know,894,23024
44,62,Yes,0,0
44,62,No,1573,35844
44,62,Don't know,0,0
45,62,Yes,0,0
45,62,No,5746,109986
45,62,Don't know,265,6002
46,62,Yes,0,0
46,62,No,1300,11603
46,62,Don't know,0,0
47,62,Yes,0,0
47,62,No,7829,194887
47,62,Don't know,179,12575
48,62,Yes,0,0
48,62,No,37127,764252
48,62,Don't know,1947,34924
49,62,Yes,0,0
49,62,No,5417,58885
49,62,Don't know,0,0
50,62,Yes,0,0
50,62,No,879,12660
50,62,Don't know,0,0
51,62,Yes,0,0
51,62,No,11665,230221
51,62,Don't know,511,7744
53,62,Yes,0,0
53,62,No,12851,259178
53,62,Don't know,542,5391
54,62,Yes,0,0
54,62,No,2067,34717
54,62,Don't know,176,7998
55,62,No,7396,142830
55,62,Yes,0,0
55,62,Don't know,0,0
56,62,Yes,0,0
56,62,No,1122,8135
56,62,Don't know,0,0
01,71,Yes,0,0
01,71,No,499,10569
01,71,Don't know,0,0
02,71,No,381,6611
02,71,Yes,0,0
02,71,Don't know,0,0
04,71,Yes,0,0
04,71,No,916,20037
04,71,Don't know,0,0
05,71,Yes,0,0
05,71,No,0,0
05,71,Don't know,0,0
06,71,Yes,0,0
06,71,No,19524,222343
06,71,Don't know,1545,9624
08,71,Yes,0,0
08,71,No,2306,50871
08,71,Don't know,0,0
09,71,Yes,0,0
09,71,No,950,15211
09,71,Don't know,0,0
10,71,Yes,0,0
10,71,No,0,0
10,71,Don't know,0,0
11,71,Yes,0,0
11,71,No,238,5802
11,71,Don't know,0,0
12,71,Yes,0,0
12,71,No,5379,162621
12,71,Don't know,0,0
13,71,Yes,0,0
13,71,No,2207,41246
13,71,Don't know,0,0
15,71,Yes,0,0
15,71,No,272,5692
15,71,Don't know,0,0
16,71,Yes,0,0
16,71,No,722,5938
16,71,Don't know,0,0
17,71,Yes,0,0
17,71,No,3332,46945
17,71,Don't know,0,0
18,71,Yes,0,0
18,71,No,1597,27440
18,71,Don't know,0,0
19,71,Don't know,0,0
19,71,Yes,0,0
19,71,No,754,6095
20,71,Yes,0,0
20,71,No,794,7710
20,71,Don't know,0,0
21,71,Yes,0,0
21,71,No,1237,11397
21,71,Don't know,0,0
23,71,Yes,0,0
23,71,No,0,0
23,71,Don't know,0,0
22,71,Yes,0,0
22,71,No,1042,18120
22,71,Don't know,0,0
24,71,Yes,0,0
24,71,No,1162,34304
24,71,Don't know,0,0
25,71,Yes,0,0
25,71,No,1498,15875
25,71,Don't know,0,0
26,71,Yes,0,0
26,71,No,2021,26561
26,71,Don't know,0,0
27,71,Yes,0,0
27,71,No,1181,13288
27,71,Don't know,0,0
28,71,Yes,0,0
28,71,No,257,1709
28,71,Don't know,0,0
29,71,Yes,0,0
29,71,No,1002,23695
29,71,Don't know,0,0
30,71,Yes,0,0
30,71,No,0,0
30,71,Don't know,0,0
31,71,Yes,0,0
31,71,No,609,2082
31,71,Don't know,0,0
32,71,No,0,0
32,71,Yes,0,0
32,71,Don't know,0,0
33,71,Yes,0,0
33,71,No,0,0
33,71,Don't know,0,0
35,71,Don't know,0,0
35,71,Yes,0,0
35,71,No,475,6957
34,71,No,1590,35088
34,71,Yes,0,0
34,71,Don't know,0,0
36,71,Yes,0,0
36,71,No,7984,98460
36,71,Don't know,555,6612
37,71,Yes,0,0
37,71,No,2060,29473
37,71,Don't know,0,0
38,71,Yes,0,0
38,71,No,0,0
38,71,Don't know,0,0
39,71,Yes,0,0
39,71,No,1988,34167
39,71,Don't know,0,0
40,71,Yes,0,0
40,71,No,713,9924
40,71,Don't know,0,0
41,71,Yes,0,0
41,71,No,1423,21595
41,71,Don't know,0,0
42,71,Don't know,0,0
42,71,Yes,0,0
42,71,No,2310,41567
44,71,Yes,0,0
44,71,No,0,0
44,71,Don't know,0,0
45,71,Yes,0,0
45,71,No,984,20553
45,71,Don't know,0,0
46,71,Yes,0,0
46,71,No,410,4086
46,71,Don't know,0,0
47,71,Yes,0,0
47,71,No,2161,26737
47,71,Don't know,0,0
48,71,Yes,0,0
48,71,No,4300,80150
48,71,Don't know,0,0
49,71,Yes,0,0
49,71,No,0,0
49,71,Don't know,0,0
50,71,Yes,0,0
50,71,No,0,0
50,71,Don't know,0,0
51,71,Yes,0,0
51,71,No,1847,41770
51,71,Don't know,0,0
53,71,Yes,0,0
53,71,No,1595,23092
53,71,Don't know,0,0
54,71,Yes,0,0
54,71,No,279,3071
54,71,Don't know,0,0
55,71,Don't know,0,0
55,71,Yes,0,0
55,71,No,1767,24520
56,71,Yes,0,0
56,71,No,386,7900
56,71,Don't know,0,0
01,72,Yes,0,0
01,72,No,4061,124431
01,72,Don't know,658,11372
02,72,Yes,0,0
02,72,No,1349,28111
02,72,Don't know,0,0
04,72,Yes,0,0
04,72,No,6696,210338
04,72,Don't know,424,13849
05,72,Yes,0,0
05,72,No,3586,113248
05,72,Don't know,437,6676
06,72,Yes,0,0
06,72,No,50174,1292823
06,72,Don't know,5836,151370
08,72,Yes,0,0
08,72,No,7984,281700
08,72,Don't know,1274,18172
09,72,Yes,0,0
09,72,No,5230,104106
09,72,Don't know,500,4793
10,72,Yes,0,0
10,72,No,1368,27139
10,72,Don't know,0,0
11,72,Yes,0,0
11,72,No,1311,34525
11,72,Don't know,0,0
12,72,Yes,0,0
12,72,No,23050,712141
12,72,Don't know,2116,54839
13,72,Yes,0,0
13,72,No,11543,356498
13,72,Don't know,1209,21437
15,72,Yes,0,0
15,72,No,2078,70920
15,72,Don't know,0,0
16,72,Yes,0,0
16,72,No,2780,48367
16,72,Don't know,0,0
17,72,Yes,0,0
17,72,No,16993,350844
17,72,Don't know,1259,21880
18,72,Yes,0,0
18,72,No,7900,218883
18,72,Don't know,580,10465
19,72,Yes,0,0
19,72,No,4546,106714
19,72,Don't know,295,4524
20,72,Yes,0,0
20,72,No,3130,69204
20,72,Don't know,360,6875
21,72,Yes,0,0
21,72,No,4402,147904
21,72,Don't know,330,9601
23,72,Yes,0,0
23,72,No,2632,46588
23,72,Don't know,0,0
22,72,Yes,0,0
22,72,No,5545,189723
22,72,Don't know,0,0
24,72,Yes,0,0
24,72,No,7102,178030
24,72,Don't know,744,10397
25,72,Yes,0,0
25,72,No,9877,184917
25,72,Don't know,985,24920
26,72,Yes,0,0
26,72,No,12126,309223
26,72,Don't know,778,21428
27,72,Yes,0,0
27,72,No,8539,222551
27,72,Don't know,419,10623
28,72,Yes,0,0
28,72,No,2670,132906
28,72,Don't know,0,0
29,72,Yes,0,0
29,72,No,7360,214307
29,72,Don't know,463,13732
30,72,Yes,0,0
30,72,No,3515,68172
30,72,Don't know,0,0
31,72,Yes,0,0
31,72,No,2807,54918
31,72,Don't know,0,0
33,72,Yes,0,0
33,72,No,2798,52937
33,72,Don't know,0,0
32,72,Yes,0,0
32,72,No,3085,288088
32,72,Don't know,409,30100
35,72,Yes,0,0
35,72,No,2473,54429
35,72,Don't know,0,0
34,72,Yes,0,0
34,72,No,14068,260519
34,72,Don't know,1964,26063
36,72,Yes,0,0
36,72,No,30305,469761
36,72,Don't know,4040,62769
37,72,Yes,0,0
37,72,No,12556,362519
37,72,Don't know,865,23595
38,72,Yes,0,0
38,72,No,1547,31323
38,72,Don't know,0,0
39,72,Yes,0,0
39,72,No,15602,446076
39,72,Don't know,1035,27128
40,72,Yes,0,0
40,72,No,4297,124699
40,72,Don't know,0,0
41,72,Yes,0,0
41,72,No,8139,153111
41,72,Don't know,383,4979
42,72,Yes,0,0
42,72,Don't know,1623,35181
42,72,No,18990,413800
44,72,Yes,0,0
44,72,No,2283,37559
44,72,Don't know,0,0
45,72,No,6161,194068
45,72,Yes,0,0
45,72,Don't know,566,20717
46,72,Yes,0,0
46,72,No,1711,39660
46,72,Don't know,0,0
47,72,Yes,0,0
47,72,No,6658,200187
47,72,Don't know,284,15549
48,72,Yes,0,0
48,72,No,24766,806567
48,72,Don't know,2081,62702
49,72,Yes,0,0
49,72,No,3693,81165
49,72,Don't know,308,8488
50,72,Yes,0,0
50,72,No,1203,17580
50,72,Don't know,0,0
51,72,Yes,0,0
51,72,No,10896,267939
51,72,Don't know,1298,24382
53,72,Yes,0,0
53,72,No,10952,234492
53,72,Don't know,886,16042
54,72,Yes,0,0
54,72,No,2682,78130
54,72,Don't know,194,4282
55,72,Yes,0,0
55,72,No,10959,203476
55,72,Don't know,737,10525
56,72,Yes,0,0
56,72,No,1343,41738
56,72,Don't know,0,0
01,81,Yes,0,0
01,81,No,3838,29169
01,81,Don't know,156,6090
02,81,Yes,0,0
02,81,No,741,3922
02,81,Don't know,0,0
04,81,Yes,0,0
04,81,No,4708,35697
04,81,Don't know,384,16705
05,81,Yes,0,0
05,81,No,2391,14861
05,81,Don't know,0,0
06,81,Yes,0,0
06,81,No,33386,268760
06,81,Don't know,2621,24170
08,81,Yes,0,0
08,81,No,6507,32541
08,81,Don't know,573,5582
09,81,Yes,0,0
09,81,No,4729,27265
09,81,Don't know,421,2588
10,81,Yes,0,0
10,81,No,935,7409
10,81,Don't know,0,0
11,81,Yes,0,0
11,81,No,388,4375
11,81,Don't know,0,0
12,81,Yes,0,0
12,81,No,22725,115059
12,81,Don't know,1431,18061
13,81,Yes,0,0
13,81,No,8987,62171
13,81,Don't know,328,3762
15,81,Yes,0,0
15,81,No,807,5582
15,81,Don't know,0,0
16,81,Yes,0,0
16,81,No,2199,8848
16,81,Don't know,0,0
17,81,Yes,0,0
17,81,No,14587,83674
17,81,Don't know,1086,7598
18,81,Yes,0,0
18,81,No,6954,47195
18,81,Don't know,0,0
19,81,Yes,0,0
19,81,No,4429,19467
19,81,Don't know,0,0
20,81,Yes,0,0
20,81,No,3055,18781
20,81,Don't know,162,1693
21,81,Yes,0,0
21,81,No,4357,32633
21,81,Don't know,328,3221
23,81,Yes,0,0
23,81,No,1289,5097
23,81,Don't know,77,816
22,81,Yes,0,0
22,81,No,0,0
22,81,Don't know,330,4225
24,81,Yes,0,0
24,81,No,5943,46191
24,81,Don't know,389,4576
25,81,Yes,0,0
25,81,No,7781,56504
25,81,Don't know,727,9313
26,81,Yes,0,0
26,81,No,10491,88151
26,81,Don't know,959,9760
27,81,Yes,0,0
27,81,No,7416,59038
27,81,Don't know,354,2426
28,81,Yes,0,0
28,81,No,2182,11400
28,81,Don't know,254,1663
29,81,Yes,0,0
29,81,No,7000,40311
29,81,Don't know,361,4662
30,81,Yes,0,0
30,81,No,1314,8022
30,81,Don't know,0,0
31,81,Yes,0,0
31,81,No,3599,16132
31,81,Don't know,275,1236
33,81,Yes,0,0
33,81,No,1678,8077
33,81,Don't know,0,0
32,81,Yes,0,0
32,81,No,2296,14173
32,81,Don't know,169,2767
35,81,Yes,0,0
35,81,No,0,0
35,81,Don't know,0,0
34,81,Yes,0,0
34,81,No,9626,71535
34,81,Don't know,943,8671
36,81,Yes,0,0
36,81,No,22830,115224
36,81,Don't know,2704,16497
37,81,Yes,0,0
37,81,No,9759,61036
37,81,Don't know,469,5090
38,81,Yes,0,0
38,81,No,1094,3013
38,81,Don't know,0,0
39,81,No,10985,85728
39,81,Yes,0,0
39,81,Don't know,564,10709
40,81,Yes,0,0
40,81,No,3296,17279
40,81,Don't know,0,0
41,81,Yes,0,0
41,81,No,3956,19768
41,81,Don't know,266,2862
42,81,Yes,0,0
42,81,No,17557,121426
42,81,Don't know,1054,11560
44,81,Yes,0,0
44,81,No,1256,5886
44,81,Don't know,0,0
45,81,Yes,0,0
45,81,No,4535,31109
45,81,Don't know,113,2212
46,81,Yes,0,0
46,81,No,1173,4174
46,81,Don't know,0,0
47,81,Yes,0,0
47,81,No,5643,57726
47,81,Don't know,165,2915
48,81,Yes,0,0
48,81,No,20052,182393
48,81,Don't know,1247,20652
49,81,Yes,0,0
49,81,No,3034,19374
49,81,Don't know,256,6102
51,81,Don't know,416,7117
51,81,Yes,0,0
51,81,No,8774,77951
50,81,Yes,0,0
50,81,No,1262,4036
50,81,Don't know,0,0
53,81,Yes,0,0
53,81,No,7766,46668
53,81,Don't know,572,3809
54,81,Yes,0,0
54,81,No,1553,11895
54,81,Don't know,0,0
55,81,Yes,0,0
55,81,No,7246,40293
55,81,Don't know,339,4188
56,81,Yes,0,0
56,81,No,893,3509
56,81,Don't know,0,0
01,99,Yes,0,0
01,99,No,114,140
01,99,Don't know,0,0
02,99,Yes,0,0
02,99,No,0,0
02,99,Don't know,0,0
04,99,Yes,0,0
04,99,No,0,0
04,99,Don't know,0,0
05,99,Yes,0,0
05,99,No,133,256
05,99,Don't know,0,0
06,99,Yes,0,0
06,99,No,685,2107
06,99,Don't know,0,0
08,99,Yes,0,0
08,99,No,199,555
08,99,Don't know,0,0
09,99,Yes,0,0
09,99,No,0,0
09,99,Don't know,0,0
10,99,Yes,0,0
10,99,No,0,0
10,99,Don't know,0,0
11,99,Yes,0,0
11,99,No,0,0
11,99,Don't know,0,0
12,99,Yes,0,0
12,99,No,105,530
12,99,Don't know,0,0
13,99,Yes,0,0
13,99,No,180,997
13,99,Don't know,0,0
15,99,Yes,0,0
15,99,No,0,0
15,99,Don't know,0,0
16,99,Yes,0,0
16,99,No,173,318
16,99,Don't know,0,0
17,99,Yes,0,0
17,99,No,1272,11543
17,99,Don't know,0,0
18,99,Yes,0,0
18,99,No,335,591
18,99,Don't know,0,0
19,99,Yes,0,0
19,99,No,1164,9224
19,99,Don't know,0,0
20,99,Yes,0,0
20,99,No,519,738
20,99,Don't know,0,0
21,99,Yes,0,0
21,99,No,217,1555
21,99,Don't know,0,0
23,99,Yes,0,0
23,99,No,0,0
23,99,Don't know,0,0
22,99,Yes,0,0
22,99,No,0,0
22,99,Don't know,0,0
24,99,Yes,0,0
24,99,No,0,0
24,99,Don't know,0,0
25,99,Yes,0,0
25,99,No,0,0
25,99,Don't know,0,0
26,99,Yes,0,0
26,99,No,294,15024
26,99,Don't know,0,0
27,99,Yes,0,0
27,99,No,1109,3107
27,99,Don't know,0,0
28,99,Yes,0,0
28,99,No,86,579
28,99,Don't know,0,0
29,99,Yes,0,0
29,99,No,440,2334
29,99,Don't know,0,0
30,99,Yes,0,0
30,99,No,210,207
30,99,Don't know,0,0
31,99,Don't know,0,0
31,99,Yes,0,0
31,99,No,797,1713
33,99,Yes,0,0
33,99,No,0,0
33,99,Don't know,0,0
32,99,Yes,0,0
32,99,No,0,0
32,99,Don't know,0,0
35,99,Yes,0,0
35,99,No,37,194
35,99,Don't know,0,0
34,99,Yes,0,0
34,99,No,54,113
34,99,Don't know,0,0
36,99,Yes,0,0
36,99,No,256,491
36,99,Don't know,0,0
37,99,Yes,0,0
37,99,No,193,744
37,99,Don't know,0,0
38,99,Yes,0,0
38,99,No,796,820
38,99,Don't know,0,0
39,99,Yes,0,0
39,99,Don't know,0,0
39,99,No,353,996
40,99,Yes,0,0
40,99,No,210,238
40,99,Don't know,0,0
41,99,Yes,0,0
41,99,No,178,5349
41,99,Don't know,0,0
42,99,Yes,0,0
42,99,No,213,461
42,99,Don't know,0,0
44,99,Yes,0,0
44,99,No,0,0
44,99,Don't know,0,0
45,99,Yes,0,0
45,99,No,64,100
45,99,Don't know,0,0
46,99,Yes,0,0
46,99,No,549,935
46,99,Don't know,0,0
47,99,No,120,278
47,99,Yes,0,0
47,99,Don't know,0,0
48,99,Yes,0,0
48,99,No,803,3130
48,99,Don't know,0,0
49,99,Yes,0,0
49,99,No,58,69
49,99,Don't know,0,0
51,99,Yes,0,0
51,99,No,165,317
51,99,Don't know,0,0
50,99,Yes,0,0
50,99,No,0,0
50,99,Don't know,0,0
53,99,Yes,0,0
53,99,No,249,1821
53,99,Don't know,0,0
54,99,Yes,0,0
54,99,No,0,0
54,99,Don't know,0,0
55,99,Yes,0,0
55,99,No,1045,2046
55,99,Don't know,0,0
56,99,Yes,0,0
56,99,No,0,0
56,99,Don't know,0,0
