state,naics2017,firms_using_artificial_intelligence,firms_using_cloud_based,firms_using_robotics,firms_using_specialized_equipment,firms_using_specialized_software,emp_using_artificial_intelligence,emp_using_cloud_based,emp_using_robotics,emp_using_specialized_equipment,emp_using_specialized_software
01,00,1855,17448,1714,10559,22614,196095,786873,258485,509617,793670
01,11,0,0,0,0,0,0,0,0,0,0
01,21,0,0,0,0,0,0,0,0,0,0
01,22,0,0,0,0,0,0,0,0,0,0
01,23,0,1475,0,1162,1985,0,30438,0,24205,39719
01,31-33,85,794,396,1030,1320,32874,137779,85396,131964,148246
01,42,168,1358,213,1033,1486,7313,48503,7102,38086,50853
01,44-45,332,2134,71,1560,3143,62581,134496,22477,84865,131471
01,48-49,37,275,22,176,706,14410,18300,11838,16468,46510
01,51,18,308,0,116,356,3897,17457,0,10282,16051
01,52,112,1307,14,18,1131,10805,42577,10436,2230,21256
01,53,0,682,0,0,745,0,6103,0,0,5548
01,54,327,3557,295,1300,4576,12920,48911,11716,28205,54650
01,55,59,289,17,63,170,2222,18549,1601,5031,7357
01,56,0,670,0,232,823,0,87013,0,15548,82704
01,61,0,0,0,0,0,0,0,0,0,0
01,62,0,1766,0,1328,2621,0,38559,0,31976,48394
01,71,0,0,0,0,0,0,0,0,0,0
01,72,0,939,0,72,875,0,55087,0,7829,48980
01,81,0,338,0,517,1421,0,5945,0,11789,20881
01,99,0,0,0,0,0,0,0,0,0,0
02,00,418,4837,288,2735,5012,14182,126863,23152,79468,122151
02,11,0,0,0,0,0,0,0,0,0,0
02,21,0,0,0,0,0,0,0,0,0,0
02,22,0,0,0,0,0,0,0,0,0,0
02,23,0,257,0,0,0,0,4759,0,0,0
02,31-33,0,83,0,107,85,0,5205,0,4916,5012
02,42,0,69,0,71,121,0,2260,0,2097,1689
02,44-45,0,161,0,0,416,0,13942,0,0,9829
02,48-49,0,178,0,60,193,0,11397,0,10654,14758
02,51,0,58,0,25,65,0,1410,0,605,1407
02,52,0,148,0,0,61,0,904,0,0,1849
02,53,0,270,0,0,266,0,2024,0,0,1792
02,54,40,934,15,242,992,439,11776,483,6232,11193
02,55,0,72,0,0,19,0,1867,0,0,1202
02,56,0,185,0,0,205,0,14241,0,0,14229
02,61,0,0,0,0,0,0,0,0,0,0
02,62,0,600,0,596,868,0,15886,0,15820,18422
02,71,0,0,0,0,0,0,0,0,0,0
02,72,0,0,0,0,0,0,0,0,0,0
02,81,0,0,0,0,0,0,0,0,0,0
02,99,0,0,0,0,0,0,0,0,0,0
04,00,2877,32718,2037,17036,37191,242642,999456,236831,531483,1059918
04,11,0,0,0,0,0,0,0,0,0,0
04,21,0,0,0,0,0,0,0,0,0,0
04,22,0,0,0,0,0,0,0,0,0,0
04,23,124,3100,0,2186,3276,1354,49578,0,43109,54117
04,31-33,82,1199,336,1356,1446,36736,77681,57973,81362,87074
04,42,99,916,274,766,1173,10857,31316,15692,27859,37200
04,44-45,39,1988,25,1329,2396,69803,181322,18407,112150,147629
04,48-49,80,711,42,463,803,19238,51183,8561,28647,50403
04,51,64,772,0,253,790,10685,35399,0,19822,33496
04,52,331,2220,84,107,2676,22820,52210,12917,7066,52448
04,53,0,2974,0,0,2442,0,18605,0,0,15688
04,54,829,7989,246,2225,8413,15065,62662,10452,23996,67806
04,55,25,253,36,71,303,2084,21703,4889,11360,19828
04,56,0,1890,0,779,2093,0,161594,0,26014,174793
04,61,0,140,0,0,235,0,17760,0,0,17503
04,62,302,4444,0,3777,5704,4727,87068,0,53715,97477
04,71,0,169,0,0,0,0,5725,0,0,0
04,72,0,2011,0,936,2173,0,95088,0,24495,124301
04,81,0,975,0,1477,1802,0,10003,0,29903,36028
04,99,0,0,0,0,0,0,0,0,0,0
05,00,1231,12389,1772,8057,15609,153092,426682,187196,317193,442239
05,11,0,0,0,0,0,0,0,0,0,0
05,21,0,0,0,0,0,0,0,0,0,0
05,22,0,0,0,0,0,0,0,0,0,0
05,23,0,594,0,534,814,0,14781,0,6247,18139
05,31-33,64,468,304,844,727,23856,65509,55341,71729,72112
05,42,59,855,332,602,861,1893,10203,4058,7811,10860
05,44-45,122,1275,61,1084,1752,44616,92668,10132,72041,86880
05,48-49,0,397,0,289,510,0,27965,0,25127,31781
05,51,0,331,0,66,230,0,14914,0,6352,11862
05,52,42,835,18,18,727,3434,13242,2644,2749,18914
05,53,0,348,0,0,560,0,2395,0,0,4257
05,54,199,2319,34,865,2781,2694,15684,1159,7812,18145
05,55,20,127,0,53,63,31938,44216,0,34775,37559
05,56,0,661,0,178,722,0,19229,0,5814,19779
05,61,0,0,0,0,0,0,0,0,0,0
05,62,0,2406,0,1899,2834,0,42264,0,20690,35136
05,71,0,0,0,0,0,0,0,0,0,0
05,72,0,808,0,0,455,0,39150,0,0,18721
05,81,0,100,0,0,0,0,891,0,0,0
05,99,0,0,0,0,0,0,0,0,0,0
06,00,21166,207121,12261,108858,233271,1237858,5627610,1388683,3137881,5711227
06,11,0,254,0,432,340,0,9361,0,12561,24074
06,21,0,103,0,68,112,0,6308,0,3565,7830
06,22,0,159,0,24,47,0,4170,0,642,29743
06,23,1181,16488,406,12280,17042,16204,274058,16869,193415,282508
06,31-33,985,9193,2583,11490,12554,130245,443792,300580,514761,539817
06,42,1215,12279,1386,6460,12565,78340,302776,111010,222150,307973
06,44-45,990,13767,886,7720,15804,258468,770004,129298,490808,690611
06,48-49,472,4416,180,2550,4996,107898,283903,111662,221405,264549
06,51,797,6205,299,3258,6969,143048,324934,71803,168610,302645
06,52,1006,11605,213,1225,12645,55715,208671,34986,24370,211009
06,53,1149,14005,0,2165,14815,7514,112058,0,12179,115685
06,54,6381,52259,2652,14792,55134,189123,576307,170851,270453,576950
06,55,129,858,180,434,858,42495,113180,53128,59772,105619
06,56,964,10724,222,5224,10599,50265,753442,30477,140600,763282
06,61,0,3151,0,0,3278,0,74285,0,0,68487
06,62,2543,26109,1646,22134,34169,25364,522017,115359,344304,544976
06,71,0,6703,0,2247,7765,0,129541,0,49383,144773
06,72,1223,12600,409,6769,13961,42103,513906,34969,235016,545829
06,81,460,6383,407,9516,10526,7827,127002,12033,108042,146409
06,99,0,0,0,0,0,0,0,0,0,0
08,00,4718,49849,2272,21693,53830,231032,1103988,265534,602720,1105741
08,11,0,0,0,0,0,0,0,0,0,0
08,21,0,155,0,164,320,0,8635,0,6452,10303
08,22,0,0,0,0,0,0,0,0,0,0
08,23,0,5130,0,3274,4869,0,79452,0,53116,81229
08,31-33,128,1606,454,1815,1780,9273,52203,30065,56962,55637
08,42,124,1942,285,1136,2161,9627,36684,14231,30675,38589
08,44-45,271,3521,266,1909,3448,61064,173700,20204,108034,137153
08,48-49,179,980,37,489,1110,28903,45019,16821,31225,36667
08,51,160,1250,50,354,1189,18634,67139,24440,48233,64941
08,52,145,2893,77,241,2902,14876,45936,6034,9670,41731
08,53,708,5543,0,485,5579,1681,22316,0,1630,22899
08,54,1415,13205,721,3545,13784,31137,159274,26365,64890,163687
08,55,31,151,26,144,224,13222,23774,2937,22810,30732
08,56,0,2288,54,964,2312,0,88067,2171,24055,86867
08,61,0,267,0,0,0,0,1192,0,0,0
08,62,0,5292,0,3552,6095,0,92023,0,62362,97257
08,71,0,1152,0,265,1291,0,39344,0,14961,41821
08,72,0,2436,0,963,3041,0,133178,0,32550,150746
08,81,0,1306,0,662,1885,0,10817,0,4255,13840
08,99,0,0,0,0,0,0,0,0,0,0
09,00,1486,18621,1539,10335,22244,112699,461707,136921,269220,522971
09,11,0,0,0,0,0,0,0,0,0,0
09,21,0,0,0,0,0,0,0,0,0,0
09,22,0,0,0,0,0,0,0,0,0,0
09,23,0,373,0,978,1083,0,6727,0,12423,10976
09,31-33,62,1034,250,1371,1496,7602,57418,16841,44296,68658
09,42,112,1030,286,556,1120,4777,27531,10562,17090,34740
09,44-45,142,1559,87,1122,2535,31432,79277,16147,49204,83229
09,48-49,0,270,0,94,239,0,16812,0,12873,20299
09,51,0,447,19,133,506,0,18835,1277,10798,19994
09,52,120,1722,26,54,1637,18739,53345,5549,2565,54427
09,53,0,340,0,0,624,0,8253,0,0,6874
09,54,354,3930,208,1022,4277,16782,42997,12042,15980,44646
09,55,16,80,0,30,98,1156,6296,0,3148,5110
09,56,0,1631,0,644,1306,0,28618,0,7768,25483
09,61,0,0,0,0,0,0,0,0,0,0
09,62,0,2587,0,2165,1845,0,48984,0,32221,25585
09,71,0,0,0,0,0,0,0,0,0,0
09,72,0,1127,0,0,1141,0,33841,0,0,39854
09,81,0,520,0,383,1412,0,4263,0,1968,10684
09,99,0,0,0,0,0,0,0,0,0,0
10,00,1047,5852,620,3114,6600,35788,169878,52902,110291,173293
10,11,0,0,0,0,0,0,0,0,0,0
10,21,0,0,0,0,0,0,0,0,0,0
10,22,0,0,0,0,0,0,0,0,0,0
10,23,0,379,0,0,573,0,10631,0,0,12254
10,31-33,0,223,79,262,275,0,26942,11031,27239,28138
10,42,17,250,36,137,324,462,12436,9572,11636,12996
10,44-45,21,562,128,409,764,6686,22729,3100,14976,21463
10,48-49,0,158,0,64,157,0,8350,0,2546,8832
10,51,0,111,0,0,99,0,4705,0,0,4392
10,52,88,551,71,0,558,4365,14400,1789,0,14496
10,53,0,97,0,0,98,0,248,0,0,409
10,54,162,1072,63,408,1517,2747,16212,3640,6906,20055
10,55,16,198,41,66,201,102,3449,2013,2217,3379
10,56,0,275,0,0,160,0,6598,0,0,3433
10,61,0,0,0,0,0,0,0,0,0,0
10,62,0,363,0,0,203,0,6362,0,0,2634
10,71,0,0,0,0,0,0,0,0,0,0
10,72,0,308,0,0,251,0,15870,0,0,7781
10,81,0,0,0,0,417,0,0,0,0,3286
10,99,0,0,0,0,0,0,0,0,0,0
11,00,802,4947,308,1499,4484,30672,129113,20543,41165,126910
11,11,0,0,0,0,0,0,0,0,0,0
11,21,0,0,0,0,0,0,0,0,0,0
11,22,0,0,0,0,0,0,0,0,0,0
11,23,0,0,0,0,0,0,0,0,0,0
11,31-33,0,15,0,0,0,0,321,0,0,0
11,42,0,75,0,25,67,0,1816,0,517,1372
11,44-45,0,179,0,0,172,0,8402,0,0,7115
11,48-49,0,0,0,0,0,0,0,0,0,0
11,51,0,165,0,66,142,0,7330,0,4176,6685
11,52,0,178,17,0,115,0,4689,2149,0,3744
11,53,0,0,0,0,110,0,0,0,0,1657
11,54,435,2522,95,394,1768,17092,57272,7139,7986,44500
11,55,19,44,15,37,54,392,1797,348,706,2016
11,56,0,216,0,0,162,0,7315,0,0,5915
11,61,0,0,0,0,0,0,0,0,0,0
11,62,0,212,0,0,318,0,3365,0,0,5892
11,71,0,0,0,0,0,0,0,0,0,0
11,72,0,269,0,0,0,0,7892,0,0,0
11,81,0,0,0,0,0,0,0,0,0,0
11,99,0,0,0,0,0,0,0,0,0,0
12,00,12173,124520,6727,61271,142845,589569,3039651,761468,1590946,3359073
12,11,0,0,0,0,0,0,0,0,0,0
12,21,0,0,0,0,0,0,0,0,0,0
12,22,0,0,0,0,0,0,0,0,0,0
12,23,225,9535,221,6310,10180,3819,148057,8293,78828,134875
12,31-33,291,3236,835,3990,4497,36443,117242,66094,138639,145942
12,42,445,6886,541,3103,7377,17029,126912,24735,88019,131002
12,44-45,1230,10138,993,6410,13042,228116,545715,257340,359989,532315
12,48-49,374,2817,168,1879,3542,50084,133986,33229,91952,131688
12,51,277,2546,105,914,2426,31514,96117,12320,58289,81930
12,52,695,7731,180,1281,8426,29569,125269,24696,22517,132513
12,53,883,9903,0,938,10840,3691,58889,0,6658,59000
12,54,3477,32507,1237,8891,35472,57540,253916,36979,101004,275993
12,55,41,577,193,355,462,8454,75713,25813,33103,69125
12,56,640,8015,293,4676,9182,19068,429053,18192,85974,673249
12,61,0,1951,0,321,1798,0,30430,0,9363,30438
12,62,1435,16309,1026,11887,20045,10790,393004,121525,262291,414606
12,71,0,1830,0,683,2154,0,120406,0,32948,119774
12,72,219,5822,0,3272,7251,8937,323635,0,122195,342621
12,81,0,5627,0,5656,6980,0,49332,0,47341,67344
12,99,0,0,0,0,0,0,0,0,0,0
13,00,4880,50649,3284,26194,58459,410088,1635485,507099,989651,1655993
13,11,0,0,0,0,0,0,0,0,0,0
13,21,0,0,0,0,0,0,0,0,0,0
13,22,0,0,0,0,0,0,0,0,0,0
13,23,94,4354,103,2985,4832,8049,94129,6137,59800,93410
13,31-33,230,1830,537,2456,2641,60952,182235,108761,185024,209026
13,42,227,3303,434,2057,3417,16053,81494,25493,66405,92844
13,44-45,574,4013,337,2462,5143,107908,262130,39443,163405,242421
13,48-49,80,1136,98,956,1336,38795,124392,66132,98344,125547
13,51,217,1243,97,521,1350,23642,63632,5953,34035,59261
13,52,424,2761,52,432,3449,19670,76850,11143,16221,79222
13,53,0,2741,0,0,2867,0,14344,0,0,15187
13,54,973,9734,545,3325,13494,33501,123416,33397,39136,150227
13,55,57,215,92,155,321,21173,64867,41281,52999,73022
13,56,279,3120,110,812,3329,20278,135029,5408,27358,137528
13,61,0,1009,0,0,645,0,6903,0,0,6592
13,62,256,6499,0,4665,7707,5198,127174,0,75740,127815
13,71,0,602,0,0,720,0,18835,0,0,13805
13,72,0,3675,0,1290,4097,0,188856,0,70000,176234
13,81,0,2183,0,2492,3314,0,33538,0,30723,38829
13,99,0,0,0,0,0,0,0,0,0,0
15,00,720,5713,312,3113,6251,23614,144943,30526,79791,151962
15,11,0,0,0,0,0,0,0,0,0,0
15,21,0,0,0,0,0,0,0,0,0,0
15,22,0,0,0,0,0,0,0,0,0,0
15,23,0,193,0,385,578,0,3668,0,8226,11599
15,31-33,0,167,0,157,161,0,4356,0,5116,5058
15,42,14,260,16,88,270,418,5898,950,1835,5887
15,44-45,74,448,0,163,409,8151,19295,0,16775,18630
15,48-49,0,216,0,0,125,0,24650,0,0,20647
15,51,0,140,0,21,111,0,3295,0,584,2850
15,52,0,106,13,0,108,0,4958,2946,0,3606
15,53,0,220,0,0,227,0,1408,0,0,2042
15,54,187,1314,50,256,1365,1805,12071,1305,2294,13735
15,55,0,17,0,0,57,0,270,0,0,520
15,56,0,68,0,100,271,0,2624,0,2197,6283
15,61,0,0,0,0,0,0,0,0,0,0
15,62,0,613,0,0,1117,0,5372,0,0,9077
15,71,0,0,0,0,0,0,0,0,0,0
15,72,0,67,0,0,283,0,8362,0,0,23580
15,81,0,0,0,0,0,0,0,0,0,0
15,99,0,0,0,0,0,0,0,0,0,0
16,00,832,11222,917,7552,14022,41327,234692,68494,161868,261559
16,11,0,0,0,0,0,0,0,0,0,0
16,21,0,0,0,0,0,0,0,0,0,0
16,22,0,0,0,0,0,0,0,0,0,0
16,23,0,332,0,0,1008,0,3547,0,0,12798
16,31-33,16,468,180,595,624,1654,33612,27327,36783,39715
16,42,42,558,137,390,563,1530,12206,3433,15040,11961
16,44-45,27,1202,105,728,1269,14022,40459,3332,27190,38453
16,48-49,0,395,0,223,459,0,9625,0,6915,10814
16,51,0,310,0,70,269,0,8027,0,3404,7352
16,52,52,530,12,48,523,219,5085,217,492,4612
16,53,0,566,0,0,287,0,977,0,0,389
16,54,145,1864,72,647,2442,9260,24850,8409,13158,26332
16,55,0,33,0,22,36,0,1305,0,891,1264
16,56,0,730,0,197,707,0,20266,0,1915,20044
16,61,0,0,0,0,0,0,0,0,0,0
16,62,0,1248,0,934,2265,0,22900,0,9910,35578
16,71,0,0,0,0,0,0,0,0,0,0
16,72,0,505,0,168,882,0,15907,0,6213,25592
16,81,0,261,0,268,457,0,892,0,1715,2244
16,99,0,0,0,0,0,0,0,0,0,0
17,00,6303,65966,4637,37522,76563,573211,2148644,620525,1306005,2192410
17,11,0,0,0,0,0,0,0,0,0,0
17,21,0,24,0,24,31,0,1403,0,1294,1230
17,22,0,26,0,0,0,0,22151,0,0,0
17,23,0,5346,0,3605,5783,0,73927,0,40833,86788
17,31-33,307,3440,1421,4114,4322,97051,299999,185515,314580,326623
17,42,185,4534,741,2728,4163,26827,131272,50686,93480,126567
17,44-45,817,5710,298,3624,6576,136986,334795,60849,245333,325343
17,48-49,377,3046,214,1938,3626,59560,123741,58966,91134,117987
17,51,247,1552,22,503,1599,19208,67502,5301,36751,66883
17,52,404,4248,212,641,5006,29621,108075,13602,32419,115790
17,53,0,2649,0,567,2627,0,28393,0,2741,28010
17,54,1516,15968,710,4207,17634,57437,200507,40862,57398,200855
17,55,62,548,110,305,539,61351,117751,47628,87219,101142
17,56,120,3414,121,1189,3951,23635,210145,8912,46239,225216
17,61,0,323,0,0,437,0,2895,0,0,10899
17,62,347,8152,257,6017,9759,5153,201583,10429,95051,196201
17,71,0,429,0,271,983,0,17132,0,4952,22129
17,72,0,3715,0,2328,4171,0,150348,0,79022,155760
17,81,0,2898,0,4694,5224,0,29912,0,35869,43472
17,99,0,0,0,0,188,0,0,0,0,181
18,00,2823,31701,2558,19661,38802,328034,1284151,439005,878424,1296399
18,11,0,0,0,0,0,0,0,0,0,0
18,21,0,0,0,0,0,0,0,0,0,0
18,22,0,0,0,0,0,0,0,0,0,0
18,23,0,1973,0,2140,1746,0,36636,0,34497,32708
18,31-33,206,2074,886,2929,3100,85446,282725,198541,311351,302522
18,42,195,1570,429,1277,2799,11164,44843,20199,43183,64523
18,44-45,174,3153,198,2467,4499,75262,225530,33327,129010,193406
18,48-49,217,1435,111,830,1587,31148,78866,22092,58100,79411
18,51,36,671,0,260,639,3092,19072,0,14122,19941
18,52,101,2626,24,262,1167,15794,70715,2253,7471,27254
18,53,0,1361,0,0,1282,0,7334,0,0,6264
18,54,677,6106,230,1928,6851,32688,83385,26743,46104,86176
18,55,21,156,48,100,145,11455,33670,13751,30065,36075
18,56,238,1992,0,874,2370,18602,121292,0,32422,114100
18,61,0,181,0,0,0,0,3572,0,0,0
18,62,0,2624,0,2576,3982,0,89875,0,79963,130112
18,71,0,0,0,0,0,0,0,0,0,0
18,72,0,1664,0,607,2031,0,87151,0,23237,88040
18,81,0,1243,0,2622,3271,0,10341,0,24471,31190
18,99,0,0,0,0,0,0,0,0,0,0
19,00,1850,15952,1541,11171,20526,184688,647460,273218,446056,665282
19,11,0,0,0,0,0,0,0,0,0,0
19,21,0,0,0,0,0,0,0,0,0,0
19,22,0,0,0,0,0,0,0,0,0,0
19,23,0,1088,0,694,1667,0,16729,0,12266,26568
19,31-33,148,887,585,1176,1364,42890,133920,120426,139473,142422
19,42,88,1213,236,303,1359,1539,26592,9177,9444,27765
19,44-45,239,1927,119,1397,2601,41279,128664,46376,112121,131292
19,48-49,0,852,0,542,839,0,41975,0,22680,37884
19,51,0,429,0,148,438,0,14479,0,6421,13019
19,52,82,1808,25,17,2202,22755,46972,11266,2976,47127
19,53,0,261,0,0,609,0,886,0,0,3673
19,54,304,2532,144,1274,3333,9624,30279,5440,20348,36817
19,55,0,61,0,81,102,0,10164,0,9489,13328
19,56,0,538,0,617,993,0,54405,0,6400,85373
19,61,0,0,0,0,0,0,0,0,0,0
19,62,0,1767,0,1085,2215,0,35896,0,17782,28876
19,71,0,0,0,0,0,0,0,0,0,0
19,72,0,784,0,110,735,0,41717,0,4897,34705
19,81,0,0,0,427,1170,0,0,0,1806,8461
19,99,0,0,0,0,151,0,0,0,0,253
20,00,1645,16181,1190,9364,19747,102438,487944,185414,349481,553741
20,11,0,0,0,0,0,0,0,0,0,0
20,21,0,0,0,0,176,0,0,0,0,1507
20,22,0,0,0,0,0,0,0,0,0,0
20,23,0,643,0,980,1044,0,19487,0,13419,22469
20,31-33,41,673,221,985,997,15255,73961,66229,94813,108971
20,42,68,1076,127,443,1168,4906,24353,8282,15452,27389
20,44-45,139,1879,276,802,1829,38907,98791,19338,66774,85483
20,48-49,23,433,16,216,491,8194,28754,5488,23743,22353
20,51,0,351,0,43,352,0,24644,0,4119,23278
20,52,202,1750,88,255,1957,6894,22926,8064,5821,29936
20,53,0,359,0,0,813,0,1808,0,0,11422
20,54,142,3041,185,867,3577,4483,32067,7447,12910,33695
20,55,21,151,30,18,191,5750,14814,7391,6064,14310
20,56,0,1268,0,916,1289,0,24240,0,4931,24482
20,61,0,0,0,0,0,0,0,0,0,0
20,62,0,2149,0,762,2611,0,61013,0,36532,81247
20,71,0,0,0,0,0,0,0,0,0,0
20,72,0,510,0,161,1012,0,27326,0,4404,35174
20,81,0,221,0,0,570,0,1958,0,0,6160
20,99,0,0,0,0,0,0,0,0,0,0
21,00,1657,17914,1820,11545,22937,162119,638416,234015,440720,690747
21,11,0,0,0,0,0,0,0,0,0,0
21,21,0,0,0,0,0,0,0,0,0,0
21,22,0,0,0,0,0,0,0,0,0,0
21,23,0,1020,0,770,1066,0,23036,0,17275,21959
21,31-33,127,848,551,1223,1347,46722,136598,94270,140047,159894
21,42,50,1423,266,551,1320,4234,37869,15581,14146,36962
21,44-45,109,1933,219,937,3148,45737,133587,17590,67752,119536
21,48-49,21,687,25,358,525,10206,33852,15263,26271,25232
21,51,26,329,0,121,343,1335,7168,0,3045,6609
21,52,30,1453,21,199,1493,4705,25134,1579,4836,23681
21,53,0,597,0,0,515,0,3043,0,0,4526
21,54,285,3591,66,1448,4053,10373,32419,3437,11463,33221
21,55,17,192,17,78,185,3696,16763,2880,11376,15709
21,56,0,808,0,297,900,0,41347,0,12934,41780
21,61,0,0,0,0,0,0,0,0,0,0
21,62,0,2284,0,904,3621,0,56348,0,18649,67211
21,71,0,0,0,0,0,0,0,0,0,0
21,72,0,955,0,126,1358,0,54026,0,9603,61991
21,81,0,949,0,1116,1248,0,11026,0,13076,16546
21,99,0,0,0,0,0,0,0,0,0,0
22,00,1653,13230,1212,10966,14847,179845,538087,178478,455284,481040
22,11,0,0,0,0,0,0,0,0,0,0
22,21,0,249,0,74,364,0,19377,0,6732,19223
22,22,0,0,0,0,0,0,0,0,0,0
22,23,0,680,0,312,985,0,23063,0,24367,24815
22,31-33,42,544,210,749,795,7611,54983,38062,51433,63743
22,42,98,881,170,521,682,3610,34373,4969,11043,24295
22,44-45,127,1630,22,772,2358,60866,128953,20511,82529,138835
22,48-49,54,379,33,354,545,9944,31991,5669,27971,34162
22,51,0,351,0,134,303,0,10833,0,7081,10127
22,52,147,1444,18,166,1726,6223,27286,1995,6665,25445
22,53,0,551,0,0,825,0,2110,0,0,6153
22,54,169,2812,155,963,3262,2316,26444,3683,11342,25787
22,55,22,96,18,16,207,982,6701,372,2696,15181
22,56,0,1120,0,316,991,0,38645,0,4251,42931
22,61,0,0,0,0,0,0,0,0,0,0
22,62,0,2646,0,1959,3055,0,72146,0,52177,76580
22,71,0,0,0,0,0,0,0,0,0,0
22,72,0,1076,0,732,1950,0,75260,0,22997,99594
22,81,0,337,0,513,0,0,4006,0,3622,0
22,99,0,0,0,0,0,0,0,0,0,0
23,00,783,7643,572,4643,8871,34427,172769,35857,108372,181614
23,11,0,0,0,0,0,0,0,0,0,0
23,21,0,0,0,0,0,0,0,0,0,0
23,22,0,0,0,0,0,0,0,0,0,0
23,23,0,0,0,0,0,0,0,0,0,0
23,31-33,0,374,67,384,398,0,14858,8943,17200,17357
23,42,18,372,108,250,367,520,6232,2810,6051,7362
23,44-45,19,927,74,984,1271,10544,27305,2874,24763,25150
23,48-49,0,85,0,0,138,0,2489,0,0,8515
23,51,0,137,0,48,177,0,2789,0,1624,4492
23,52,15,176,12,0,276,1608,10483,713,0,10782
23,53,0,183,0,0,400,0,1401,0,0,1842
23,54,245,1764,86,582,1718,2406,10448,1022,3655,10856
23,55,0,15,0,0,21,0,2871,0,0,874
23,56,0,146,0,0,127,0,4538,0,0,3009
23,61,0,0,0,0,0,0,0,0,0,0
23,62,0,481,0,371,606,0,12459,0,3581,10116
23,71,0,0,0,0,0,0,0,0,0,0
23,72,0,322,0,0,803,0,6682,0,0,22216
23,81,0,0,0,0,195,0,0,0,0,1327
23,99,0,0,0,0,0,0,0,0,0,0
24,00,2931,30975,1737,15282,35409,172143,927074,184762,496584,914885
24,11,0,0,0,0,0,0,0,0,0,0
24,21,0,0,0,0,0,0,0,0,0,0
24,22,0,0,0,0,0,0,0,0,0,0
24,23,0,2857,122,1838,2416,0,67785,5802,50459,47932
24,31-33,58,332,98,663,638,9325,17560,10474,29828,31285
24,42,149,1338,248,835,1402,5658,32859,7571,20749,34152
24,44-45,259,2013,24,750,2794,45964,129625,15459,60147,131167
24,48-49,67,512,0,395,670,15924,34863,0,13803,37139
24,51,56,772,22,297,711,14026,37054,463,24274,34914
24,52,127,1599,61,102,1781,13593,45982,15315,15386,40397
24,53,273,1582,0,56,1437,421,10464,0,710,9663
24,54,758,8433,400,2071,9408,37006,166467,31242,63137,164538
24,55,20,108,23,36,234,2368,10038,1603,3465,9273
24,56,0,2377,149,1102,2266,0,99506,2109,51410,89107
24,61,0,0,0,0,0,0,0,0,0,0
24,62,0,4325,211,3334,5057,0,86874,5800,43722,91123
24,71,0,314,0,0,448,0,9284,0,0,22007
24,72,0,2160,0,802,2653,0,94175,0,29544,94639
24,81,0,1269,0,1175,1971,0,17436,0,9064,21486
24,99,0,0,0,0,0,0,0,0,0,0
25,00,2924,36787,2273,17609,40374,261173,1062287,290444,616139,1089854
25,11,0,0,0,0,0,0,0,0,0,0
25,21,0,0,0,0,0,0,0,0,0,0
25,22,0,0,0,0,0,0,0,0,0,0
25,23,0,3477,230,1989,3684,0,46118,2997,15149,46732
25,31-33,109,1734,521,2212,2376,22122,94558,66208,105422,116273
25,42,135,1829,301,951,1944,10074,52597,20685,52134,63718
25,44-45,287,3561,67,1893,4192,46625,138627,25520,90362,139504
25,48-49,26,724,17,194,703,7592,36664,8962,21077,35009
25,51,136,1215,96,298,1144,29312,75561,10297,42485,73125
25,52,152,1851,47,251,2239,12614,72673,24518,19051,76560
25,53,0,1209,0,0,987,0,12881,0,0,10520
25,54,1176,9697,663,2326,9734,50162,171717,48691,87802,165936
25,55,31,101,34,162,157,4399,10038,15747,31618,36324
25,56,0,2305,0,1064,1991,0,92559,0,18316,77596
25,61,0,333,0,0,444,0,3791,0,0,4728
25,62,0,3689,0,2469,3948,0,122387,0,56204,92859
25,71,0,167,0,0,156,0,1987,0,0,1965
25,72,0,2099,0,961,2579,0,73007,0,24261,78389
25,81,0,1225,0,618,1762,0,13356,0,8432,22083
25,99,0,0,0,0,0,0,0,0,0,0
26,00,3703,42710,4202,28175,53635,380825,1716772,500017,1135541,1816736
26,11,0,0,0,0,0,0,0,0,0,0
26,21,0,0,0,0,0,0,0,0,0,0
26,22,0,0,0,0,0,0,0,0,0,0
26,23,0,3304,0,2628,3861,0,55098,0,49838,63192
26,31-33,489,2645,1825,4990,5288,109291,221630,209017,364838,362239
26,42,147,2654,473,1913,3012,11961,96430,25503,60731,104973
26,44-45,123,4717,250,1617,6192,60611,295642,28154,120849,282732
26,48-49,47,960,41,595,585,15153,58284,22904,41173,38463
26,51,118,1000,70,277,1034,8588,43812,1270,17371,37937
26,52,380,2672,34,431,3137,32100,97194,10591,15389,92691
26,53,0,2232,0,0,1768,0,21917,0,0,15880
26,54,585,7981,606,2729,8779,33411,132196,27938,58213,131541
26,55,36,265,80,66,227,12118,24263,19173,8360,25109
26,56,25,1579,106,836,3194,3531,124699,3336,66694,218625
26,61,0,0,0,0,0,0,0,0,0,0
26,62,0,5221,0,4653,7971,0,127656,0,69879,136664
26,71,0,238,0,0,174,0,516,0,0,1757
26,72,0,1861,0,1822,2790,0,90747,0,66733,120506
26,81,0,2621,0,2165,2179,0,48388,0,40861,32846
26,99,0,0,0,0,0,0,0,0,0,0
27,00,3413,36527,2384,20098,41603,286111,1127030,381328,719078,1174396
27,11,0,0,0,0,0,0,0,0,0,0
27,21,0,0,0,0,0,0,0,0,0,0
27,22,0,14,0,0,0,0,2554,0,0,0
27,23,0,3568,0,3205,3912,0,53891,0,42612,51919
27,31-33,300,2191,865,2693,2792,49841,160238,109486,176583,170063
27,42,132,2421,280,1167,2417,17965,86358,25666,52932,79946
27,44-45,251,3405,223,1822,3722,77666,186238,58445,141204,178561
27,48-49,43,1162,0,490,1131,9018,51427,0,35162,55208
27,51,185,843,89,412,897,10060,35475,5301,19771,32902
27,52,257,2479,139,380,2816,14515,52440,19942,5485,53498
27,53,0,1527,0,0,1575,0,17743,0,0,21004
27,54,921,8030,439,825,8150,18525,99635,14031,8838,96337
27,55,33,213,112,224,95,33842,51110,43505,53628,28395
27,56,93,1703,0,228,1917,4216,76948,0,12552,79929
27,61,0,352,0,0,0,0,2923,0,0,0
27,62,0,2557,0,1562,3480,0,80635,0,26679,105232
27,71,0,186,0,0,0,0,2768,0,0,0
27,72,0,1864,0,925,2880,0,79240,0,27946,106769
27,81,0,1959,0,2847,2023,0,21947,0,24602,18507
27,99,0,0,0,0,0,0,0,0,0,0
28,00,1160,9252,766,7005,11275,105449,339067,113204,262249,370116
28,11,0,0,0,0,0,0,0,0,0,0
28,21,0,0,0,0,0,0,0,0,0,0
28,22,0,0,0,0,0,0,0,0,0,0
28,23,0,178,0,0,261,0,2262,0,0,2786
28,31-33,119,325,119,497,503,25922,46568,35972,57853,62971
28,42,24,498,99,327,565,783,10447,1597,5806,12073
28,44-45,202,241,69,887,1517,40351,56016,10844,56586,74486
28,48-49,0,286,17,244,271,0,19486,6572,14780,19500
28,51,0,120,0,39,104,0,7555,0,3367,5108
28,52,14,775,12,89,800,4560,13258,2158,4572,13517
28,53,0,0,0,0,220,0,0,0,0,3393
28,54,235,1018,149,354,2197,1713,7157,1053,1322,20053
28,55,16,31,0,0,75,743,1036,0,0,1764
28,56,0,287,0,154,245,0,16743,0,2540,17878
28,61,0,0,0,0,0,0,0,0,0,0
28,62,0,1479,0,667,1957,0,27667,0,13706,42121
28,71,0,0,0,0,0,0,0,0,0,0
28,72,0,751,0,342,807,0,60243,0,34926,60668
28,81,0,0,0,311,681,0,0,0,2623,4184
28,99,0,0,0,0,0,0,0,0,0,0
29,00,2406,29795,2244,17132,37539,268666,1007071,340824,596478,1069095
29,11,0,0,0,0,0,0,0,0,0,0
29,21,0,0,0,0,0,0,0,0,0,0
29,22,0,0,0,0,0,0,0,0,0,0
29,23,211,2107,0,2073,2739,6280,34206,0,33217,45316
29,31-33,103,1364,430,1647,2036,58550,135964,94800,136337,164352
29,42,74,1919,266,719,2251,5246,50798,10848,21860,49780
29,44-45,298,3410,338,2195,4543,79646,191669,36447,138624,202012
29,48-49,49,949,48,541,1202,14817,49067,9575,24675,54643
29,51,85,639,0,217,622,4282,22447,0,12337,20473
29,52,304,2578,30,330,3169,13402,72632,10865,19154,70054
29,53,0,1905,0,0,822,0,17343,0,0,10417
29,54,360,6177,384,2143,7182,13067,106625,39159,56500,112469
29,55,24,254,43,93,264,2647,18318,3742,7809,19774
29,56,63,1916,57,1002,2338,3500,74834,6060,20568,79393
29,61,0,0,0,0,0,0,0,0,0,0
29,62,0,3146,0,2365,4296,0,88824,0,44419,78992
29,71,0,256,0,0,0,0,10020,0,0,0
29,72,0,1917,0,701,1965,0,93851,0,45455,99108
29,81,0,1520,0,2511,2627,0,16085,0,16590,19404
29,99,0,0,0,0,0,0,0,0,0,0
30,00,968,8144,657,5160,9697,29828,140463,40655,118324,157507
30,11,0,0,0,0,0,0,0,0,0,0
30,21,0,0,0,16,24,0,0,0,676,972
30,22,0,0,0,0,0,0,0,0,0,0
30,23,0,508,0,336,515,0,2841,0,1821,3215
30,31-33,0,333,89,531,468,0,9499,4022,10641,10694
30,42,14,330,71,114,200,302,5102,913,3081,4676
30,44-45,0,871,0,344,1003,0,23785,0,13540,28236
30,48-49,0,354,0,85,153,0,5330,0,2542,4240
30,51,0,220,0,90,229,0,4028,0,1322,3564
30,52,0,417,0,0,673,0,6203,0,0,7112
30,53,0,578,0,0,764,0,1382,0,0,1848
30,54,153,1822,48,568,1974,684,8396,409,3668,8731
30,55,0,0,0,17,14,0,0,0,414,611
30,56,0,0,0,0,177,0,0,0,0,6841
30,61,0,0,0,0,0,0,0,0,0,0
30,62,0,637,0,560,1064,0,8959,0,8147,12796
30,71,0,0,0,0,0,0,0,0,0,0
30,72,0,216,0,0,368,0,6839,0,0,4976
30,81,0,0,0,0,0,0,0,0,0,0
30,99,0,0,0,0,0,0,0,0,0,0
31,00,1087,12806,1003,5189,16015,90331,424828,109090,156413,433286
31,11,0,0,0,0,0,0,0,0,0,0
31,21,0,0,0,0,0,0,0,0,0,0
31,22,0,0,0,0,0,0,0,0,0,0
31,23,0,1386,0,1241,835,0,29329,0,29141,26510
31,31-33,42,455,184,390,646,11716,48441,27689,32701,53013
31,42,24,778,84,376,792,1052,13830,2765,7730,12157
31,44-45,176,1448,67,658,1870,22003,74428,17804,48184,78202
31,48-49,17,361,0,485,620,5357,26201,0,13521,25892
31,51,25,202,0,49,144,4385,12158,0,3379,9952
31,52,92,1065,19,20,784,20422,38740,623,4928,29289
31,53,0,353,0,0,285,0,2083,0,0,1978
31,54,102,2065,45,613,2390,3505,25861,2149,4896,23324
31,55,16,122,0,44,121,771,8949,0,6046,8682
31,56,0,425,0,0,324,0,41789,0,0,15388
31,61,0,0,0,0,0,0,0,0,0,0
31,62,0,1627,0,1608,2694,0,39579,0,16584,39003
31,71,0,0,0,0,0,0,0,0,0,0
31,72,0,806,0,0,632,0,17222,0,0,11676
31,81,0,0,0,424,518,0,0,0,1426,2087
31,99,0,0,0,0,0,0,0,0,0,0
32,00,1417,16084,890,7536,16561,89735,619833,174999,348337,597147
32,11,0,0,0,0,0,0,0,0,0,0
32,21,0,0,0,0,0,0,0,0,0,0
32,22,0,0,0,0,0,0,0,0,0,0
32,23,0,1024,0,323,1211,0,32110,0,4817,24745
32,31-33,23,437,111,558,560,3085,21830,7628,15442,21655
32,42,88,899,168,388,771,2785,12265,5734,8792,13030
32,44-45,135,1317,23,657,1272,30108,74226,7940,49664,65633
32,48-49,54,423,20,239,460,14739,34336,5235,23818,34776
32,51,49,510,0,170,392,1460,10891,0,5607,8783
32,52,90,842,20,92,721,2421,9986,1344,557,10349
32,53,0,1256,0,0,943,0,7271,0,0,5971
32,54,323,3474,142,1072,3668,3502,26902,3752,14602,29834
32,55,14,52,15,20,44,738,15618,6104,1619,2093
32,56,0,1320,0,475,1221,0,69916,0,18191,54079
32,61,0,0,0,0,0,0,0,0,0,0
32,62,0,2641,0,1405,2830,0,48384,0,22057,41638
32,71,0,0,0,0,99,0,0,0,0,4109
32,72,0,755,0,124,547,0,216211,0,99335,218719
32,81,0,323,0,293,873,0,3518,0,1993,9108
32,99,0,0,0,0,0,0,0,0,0,0
33,00,735,8192,589,4735,9785,45738,222242,67753,145566,233329
33,11,0,0,0,0,0,0,0,0,0,0
33,21,0,0,0,0,0,0,0,0,0,0
33,22,0,0,0,0,0,0,0,0,0,0
33,23,0,611,0,0,0,0,12260,0,0,0
33,31-33,0,381,72,729,744,0,27878,20603,37602,37468
33,42,21,425,41,153,446,689,7157,1516,4250,9165
33,44-45,18,949,20,534,1163,12325,40205,3725,27957,38575
33,48-49,0,0,0,0,126,0,0,0,0,5286
33,51,0,190,0,30,203,0,11226,0,2780,11543
33,52,20,582,15,0,568,1313,14160,1129,0,14669
33,53,0,288,0,0,303,0,2476,0,0,2577
33,54,102,1311,97,738,1759,1060,14601,8147,14534,24909
33,55,0,0,0,16,18,0,0,0,761,955
33,56,0,346,0,179,144,0,14312,0,4555,4106
33,61,0,0,0,0,0,0,0,0,0,0
33,62,0,914,0,494,1068,0,28684,0,8139,17978
33,71,0,0,0,0,0,0,0,0,0,0
33,72,0,0,0,0,620,0,0,0,0,10981
33,81,0,0,0,0,393,0,0,0,0,3116
33,99,0,0,0,0,0,0,0,0,0,0
34,00,5047,44238,2870,24580,52164,320562,1320336,356752,724773,1388967
34,11,0,0,0,0,0,0,0,0,0,0
34,21,0,0,0,0,0,0,0,0,0,0
34,22,0,0,0,0,0,0,0,0,0,0
34,23,0,3360,0,2828,4192,0,43652,0,30669,50036
34,31-33,108,1779,624,2137,2253,14575,84178,56043,87889,98050
34,42,365,3353,427,1737,3498,27266,114085,31541,70447,123664
34,44-45,251,3194,94,1848,4928,47429,169016,21859,120310,179395
34,48-49,66,1406,27,757,1701,17310,90043,39930,63581,72935
34,51,168,802,28,319,929,37586,62713,4057,49720,63222
34,52,170,2229,44,203,2735,21347,77621,24533,14314,79052
34,53,0,1355,0,255,1065,0,14635,0,5323,11132
34,54,1694,9959,483,2781,10300,48144,130728,48150,49001,128785
34,55,36,155,69,77,105,18979,34937,19599,15521,24594
34,56,0,2775,56,1403,3032,0,152749,2222,30405,162651
34,61,0,830,0,0,821,0,7242,0,0,15823
34,62,370,6906,212,6239,9040,5193,121704,6425,70440,136352
34,71,0,488,0,0,665,0,13641,0,0,18360
34,72,396,2429,0,1063,3370,1452,103710,0,33803,137538
34,81,0,1807,0,2291,3049,0,23631,0,18841,37442
34,99,0,0,0,0,0,0,0,0,0,0
35,00,781,8389,545,5527,10257,49037,231261,49984,150863,232324
35,11,0,0,0,0,0,0,0,0,0,0
35,21,0,60,0,40,69,0,4412,0,1608,5001
35,22,0,0,0,0,0,0,0,0,0,0
35,23,0,488,0,0,704,0,12286,0,0,19735
35,31-33,0,289,41,398,378,0,10099,3886,11430,11422
35,42,54,576,61,349,602,1901,10465,2158,8337,11273
35,44-45,19,717,16,471,1297,22844,48513,5211,34428,50094
35,48-49,0,246,0,198,118,0,7534,0,5830,6562
35,51,0,244,0,66,186,0,10733,0,5778,9971
35,52,15,244,12,0,394,111,3919,417,0,3808
35,53,0,297,0,0,563,0,1540,0,0,2445
35,54,415,1763,188,878,2049,3778,13291,3526,8329,15546
35,55,0,22,0,0,43,0,614,0,0,1136
35,56,0,268,0,142,351,0,11691,0,5361,11432
35,61,0,0,0,0,0,0,0,0,0,0
35,62,0,736,0,401,1321,0,34400,0,9409,29076
35,71,0,0,0,0,0,0,0,0,0,0
35,72,0,837,0,0,546,0,24965,0,0,21927
35,81,0,163,0,267,0,0,1329,0,2386,0
35,99,0,0,0,0,0,0,0,0,0,0
36,00,9167,90020,5671,48899,107051,534100,2463179,509091,1167028,2496566
36,11,0,0,0,0,0,0,0,0,0,0
36,21,0,0,0,0,0,0,0,0,0,0
36,22,0,24,0,0,0,0,3324,0,0,0
36,23,488,5351,302,1146,5086,3458,93709,2043,10780,75232
36,31-33,388,2829,1119,4178,3749,38131,142344,96564,164394,152743
36,42,432,5566,664,2780,6314,29058,134677,39592,84794,153158
36,44-45,700,8335,881,5437,11204,104666,351363,48212,231861,368226
36,48-49,221,2004,102,966,2339,30693,109438,35597,68650,100668
36,51,323,2914,104,1169,2942,62616,132516,9377,79534,118321
36,52,409,5350,142,469,5706,36509,162961,43642,26817,158684
36,53,429,3491,0,879,5401,3803,22687,0,4830,37409
36,54,2482,22406,699,5494,24215,104575,341108,73832,79029,358819
36,55,63,98,80,34,493,21279,18597,20571,3004,34919
36,56,204,4247,402,2678,5127,21379,240544,11988,60557,211023
36,61,0,1123,0,0,1906,0,55810,0,0,23893
36,62,277,11806,276,10877,15728,2922,286122,7249,130638,325993
36,71,0,2109,0,744,2443,0,50950,0,3252,49832
36,72,500,5834,0,3083,6834,11189,197883,0,71767,197150
36,81,394,3742,0,4252,5842,3359,32305,0,29628,46448
36,99,0,0,0,0,0,0,0,0,0,0
37,00,4459,53255,3324,28374,59433,374787,1539383,462771,979059,1623146
37,11,0,0,0,0,0,0,0,0,0,0
37,21,0,0,0,0,0,0,0,0,0,0
37,22,0,0,0,0,0,0,0,0,0,0
37,23,183,5487,65,3686,6321,6305,89365,5479,56651,105185
37,31-33,230,2576,835,2893,3350,42953,225060,141614,267306,300528
37,42,271,2632,495,1270,2629,24847,98687,38490,62984,98531
37,44-45,377,4708,199,2798,5295,108095,279198,32266,190420,263092
37,48-49,204,1335,56,790,1211,24043,56799,16001,41610,54301
37,51,112,1013,51,385,989,25729,49630,15117,34407,47618
37,52,267,3548,32,498,3587,25744,72986,5645,11868,64318
37,53,0,3944,0,651,3436,0,27231,0,2751,24918
37,54,1032,12331,751,3745,12728,28219,128303,24999,39453,112022
37,55,29,394,91,199,412,6644,31200,19321,24508,32985
37,56,0,2670,114,1851,3439,0,94076,5171,27751,92036
37,61,0,570,0,0,734,0,6856,0,0,5792
37,62,0,6558,0,4922,8227,0,170422,0,77817,187467
37,71,0,342,0,0,420,0,5144,0,0,9401
37,72,0,2999,0,1506,3565,0,142197,0,66178,159157
37,81,0,2263,0,2050,3438,0,23851,0,13947,32363
37,99,0,0,0,0,0,0,0,0,0,0
38,00,322,5011,490,3202,5899,24714,119116,37723,86194,141970
38,11,0,0,0,0,0,0,0,0,0,0
38,21,0,64,0,17,36,0,1260,0,2842,4760
38,22,0,0,0,0,0,0,0,0,0,0
38,23,0,0,0,0,0,0,0,0,0,0
38,31-33,18,267,118,277,365,1362,16068,11165,16922,15020
38,42,25,345,33,240,468,951,8349,764,5563,7621
38,44-45,0,559,15,529,181,0,28603,2340,24742,12076
38,48-49,0,250,0,44,129,0,7709,0,3696,6100
38,51,0,68,0,0,84,0,1784,0,0,2533
38,52,0,472,0,0,284,0,7090,0,0,6929
38,53,0,0,0,0,0,0,0,0,0,0
38,54,16,227,0,365,874,622,4000,0,3250,6222
38,55,0,0,0,0,0,0,0,0,0,0
38,56,0,121,0,0,135,0,717,0,0,2575
38,61,0,0,0,0,0,0,0,0,0,0
38,62,0,348,0,183,484,0,7336,0,2033,8682
38,71,0,0,0,0,0,0,0,0,0,0
38,72,0,208,0,0,250,0,6413,0,0,7897
38,81,0,0,0,0,0,0,0,0,0,0
38,99,0,0,0,0,0,0,0,0,0,0
39,00,4999,52740,4248,31024,63911,475777,1898249,702076,1207142,1968145
39,11,0,0,0,0,0,0,0,0,0,0
39,21,0,37,0,0,92,0,3014,0,0,4001
39,22,0,0,0,0,0,0,0,0,0,0
39,23,370,2329,152,3786,5082,11839,50666,7622,62223,97764
39,31-33,534,3765,1595,5130,5436,86409,303517,259048,379549,362348
39,42,401,3398,489,1685,3838,14257,81494,35239,55461,90061
39,44-45,394,3892,271,2443,5160,110629,317270,63586,197311,269273
39,48-49,94,1678,103,938,1950,34414,99086,27676,63808,102863
39,51,82,940,0,338,1026,13991,43718,0,25209,40663
39,52,405,4335,81,218,5035,68872,123632,59132,18612,128331
39,53,140,1830,0,459,2445,529,20081,0,3438,21732
39,54,956,11397,562,3864,12580,39163,178091,37027,80187,177596
39,55,58,604,191,497,723,21444,62848,32783,50721,64330
39,56,106,3293,159,1510,3242,5762,123541,10900,42416,133869
39,61,0,273,0,0,0,0,6795,0,0,0
39,62,0,6693,0,4990,8393,0,174285,0,78565,177477
39,71,0,633,0,0,822,0,22196,0,0,17806
39,72,0,3245,0,1764,4501,0,180375,0,88713,193331
39,81,0,3169,0,3612,4371,0,41039,0,36782,52701
39,99,0,0,0,0,0,0,0,0,0,0
40,00,1689,17664,1128,9792,21875,133602,527347,164170,316548,586331
40,11,0,0,0,0,0,0,0,0,0,0
40,21,0,381,0,235,474,0,15968,0,6756,13224
40,22,0,24,0,0,0,0,6119,0,0,0
40,23,0,1602,0,912,1684,0,34022,0,16847,34720
40,31-33,81,745,282,1091,1038,17417,54262,40129,63045,64397
40,42,78,852,156,327,953,2129,22165,4653,10201,24671
40,44-45,276,1534,60,702,2449,56808,108646,12683,71547,114417
40,48-49,95,349,15,388,619,7559,21063,4514,15817,24131
40,51,0,472,0,200,342,0,12739,0,7351,9517
40,52,133,1309,72,150,1414,1774,20083,2764,2305,23388
40,53,0,1410,0,0,1367,0,9453,0,0,9311
40,54,125,4159,126,1003,4443,8571,39593,8718,17169,43630
40,55,0,219,64,94,281,0,16910,6046,14420,21351
40,56,0,934,0,159,1298,0,58640,0,6085,54509
40,61,0,0,0,0,0,0,0,0,0,0
40,62,0,2057,0,1930,2736,0,32777,0,26783,56370
40,71,0,0,0,0,0,0,0,0,0,0
40,72,0,905,0,230,1309,0,59410,0,16968,67111
40,81,0,663,0,393,1194,0,5631,0,1980,7878
40,99,0,0,0,0,0,0,0,0,0,0
41,00,2365,30222,1642,17364,34604,127310,758874,181244,479474,763681
41,11,0,334,0,0,0,0,9772,0,0,0
41,21,0,0,0,0,0,0,0,0,0,0
41,22,0,0,0,0,0,0,0,0,0,0
41,23,0,2916,0,2377,1902,0,71431,0,48807,36655
41,31-33,118,1500,474,2024,1944,16723,65894,46534,89873,93858
41,42,118,1405,93,918,1710,3377,33592,4078,27350,36164
41,44-45,121,3231,25,1272,3558,24796,128483,6623,51222,110894
41,48-49,110,679,78,355,493,10235,34127,7990,22145,27856
41,51,98,759,0,217,725,4619,22528,0,12205,20701
41,52,83,1361,72,19,1749,1245,23016,2641,503,18872
41,53,0,2372,0,377,2650,0,12634,0,1479,13051
41,54,635,6643,389,2036,7496,6630,59300,9950,25619,61716
41,55,22,104,20,71,103,2963,31092,3763,29843,33577
41,56,0,1384,0,395,1505,0,46536,0,3341,45937
41,61,0,0,0,0,0,0,0,0,0,0
41,62,0,3474,0,2814,4214,0,81682,0,65271,85616
41,71,0,280,0,0,0,0,7230,0,0,0
41,72,0,2467,0,1343,2940,0,66210,0,32378,72104
41,81,0,639,0,1309,1285,0,4862,0,8970,8140
41,99,0,0,0,0,0,0,0,0,0,0
42,00,5409,56182,3482,33463,70775,422499,1924284,578141,1185989,2094529
42,11,0,0,0,0,0,0,0,0,0,0
42,21,0,18,0,14,81,0,1751,0,3202,7436
42,22,0,18,0,0,14,0,15977,0,0,16333
42,23,0,4974,0,3930,5548,0,67617,0,53712,75277
42,31-33,283,3016,1096,4401,4355,56657,237814,174933,254964,274944
42,42,259,4124,688,1797,4176,13530,132814,39415,88054,124832
42,44-45,390,4912,373,3622,7485,102194,271699,55215,204074,311111
42,48-49,34,1541,54,968,2324,27398,106932,23246,70972,131239
42,51,252,1070,21,480,1127,32092,92640,2869,64372,89496
42,52,320,2909,43,240,4461,20761,92685,24716,10083,154706
42,53,0,2423,0,0,2278,0,20375,0,0,19319
42,54,1593,12166,415,4159,14103,44443,150291,39020,60787,168603
42,55,121,456,170,375,518,30802,80462,34893,70734,81898
42,56,60,3265,90,1973,3851,4168,130589,10246,34501,122323
42,61,0,220,0,0,301,0,5100,0,0,4656
42,62,457,7542,0,5524,9828,5673,184612,0,92196,202984
42,71,0,684,0,0,845,0,25361,0,0,27460
42,72,0,3677,0,1913,4848,0,196618,0,103717,206847
42,81,0,2475,0,2706,5981,0,24537,0,20619,58310
42,99,0,0,0,0,0,0,0,0,0,0
44,00,313,5102,691,2857,5514,19342,135816,43513,72870,145634
44,11,0,0,0,0,0,0,0,0,0,0
44,21,0,0,0,0,0,0,0,0,0,0
44,22,0,0,0,0,0,0,0,0,0,0
44,23,0,0,0,0,0,0,0,0,0,0
44,31-33,0,265,95,307,355,0,14267,6771,11616,15715
44,42,16,276,24,183,235,582,4332,279,2728,4414
44,44-45,69,505,69,268,538,4713,16877,2038,5464,16464
44,48-49,0,94,0,0,130,0,1726,0,0,3444
44,51,0,82,0,0,80,0,2969,0,0,2964
44,52,17,292,66,0,298,1575,14452,10340,0,18645
44,53,0,0,0,0,0,0,0,0,0,0
44,54,0,1128,60,182,944,0,9262,1091,2046,9621
44,55,0,55,0,0,14,0,1892,0,0,1568
44,56,0,0,0,0,357,0,0,0,0,3753
44,61,0,0,0,0,0,0,0,0,0,0
44,62,0,423,0,0,327,0,12772,0,0,9397
44,71,0,0,0,0,0,0,0,0,0,0
44,72,0,0,0,0,519,0,0,0,0,18847
44,81,0,0,0,0,0,0,0,0,0,0
44,99,0,0,0,0,0,0,0,0,0,0
45,00,2201,22865,1593,11962,25078,164057,861662,247259,436456,849787
45,11,0,0,0,0,0,0,0,0,0,0
45,21,0,0,0,0,0,0,0,0,0,0
45,22,0,0,0,0,0,0,0,0,0,0
45,23,0,2268,0,1048,2135,0,36069,0,13221,31104
45,31-33,82,1060,519,1346,1307,30441,95674,86825,120196,108787
45,42,112,1220,239,587,1367,4598,28025,8943,22352,32190
45,44-45,430,2406,31,1554,2491,59490,132195,26625,81200,125191
45,48-49,0,219,30,362,617,0,13944,6443,22831,28944
45,51,71,362,0,108,355,10295,22588,0,13228,19874
45,52,215,1498,56,56,1521,4022,28600,1293,3134,28189
45,53,0,1942,0,234,1475,0,11511,0,995,8829
45,54,332,4459,211,1699,4990,9543,46614,6278,21609,52963
45,55,20,179,20,66,113,3839,15698,2438,8221,9497
45,56,0,1698,25,671,1772,0,237602,6936,24948,229550
45,61,0,0,0,0,0,0,0,0,0,0
45,62,0,2562,0,1711,3344,0,55863,0,32893,63601
45,71,0,0,0,0,0,0,0,0,0,0
45,72,0,886,0,306,1254,0,33995,0,11298,70304
45,81,0,1386,0,477,1905,0,18567,0,5343,17189
45,99,0,0,0,0,0,0,0,0,0,0
46,00,572,5714,417,3436,6320,21708,141043,47940,87901,148875
46,11,0,0,0,0,0,0,0,0,0,0
46,21,0,0,0,0,0,0,0,0,0,0
46,22,0,0,0,0,0,0,0,0,0,0
46,23,0,0,0,0,0,0,0,0,0,0
46,31-33,0,240,89,306,342,0,26721,13718,28451,30632
46,42,0,315,18,247,429,0,4969,222,3893,8762
46,44-45,62,1036,15,297,984,8978,35872,7390,18980,33930
46,48-49,0,386,0,171,195,0,5160,0,2007,3262
46,51,0,116,0,70,145,0,4093,0,2394,4116
46,52,19,582,12,0,551,936,10418,428,0,7163
46,53,0,73,0,0,181,0,231,0,0,1038
46,54,130,527,0,238,680,1300,5328,0,1882,5418
46,55,0,0,0,0,0,0,0,0,0,0
46,56,0,129,0,0,18,0,3357,0,0,1207
46,61,0,0,0,0,0,0,0,0,0,0
46,62,0,203,0,225,376,0,2719,0,3193,4048
46,71,0,0,0,0,0,0,0,0,0,0
46,72,0,292,0,0,135,0,5957,0,0,1799
46,81,0,0,0,0,0,0,0,0,0,0
46,99,0,0,0,0,0,0,0,0,0,0
47,00,2834,27001,2072,14849,31450,306846,1105702,424751,761791,1182319
47,11,0,0,0,0,0,0,0,0,0,0
47,21,0,0,0,0,0,0,0,0,0,0
47,22,0,0,0,0,0,0,0,0,0,0
47,23,0,2195,0,935,2132,0,61025,0,11991,27820
47,31-33,171,1435,618,1959,1971,43599,136926,122235,156043,165417
47,42,117,1263,223,498,1541,11469,43639,17100,29062,50456
47,44-45,530,2864,133,791,3533,74911,191606,23577,91859,168978
47,48-49,39,680,38,413,821,55205,92319,42725,73909,95033
47,51,64,679,0,309,668,7007,26691,0,19507,27806
47,52,150,1990,27,160,2218,25495,74460,6376,4614,71556
47,53,0,1146,0,0,361,0,11932,0,0,4586
47,54,329,4943,244,1728,5271,19180,77672,23752,36276,79691
47,55,41,201,87,184,293,25663,55777,37664,42077,56424
47,56,240,1747,15,736,2074,3971,86489,10955,34804,107924
47,61,0,0,0,0,0,0,0,0,0,0
47,62,343,4111,0,2740,4694,4551,113183,0,87637,126165
47,71,0,564,0,306,842,0,8683,0,6553,13556
47,72,0,1846,0,840,1792,0,94472,0,38064,92335
47,81,0,698,0,1071,1239,0,13968,0,19041,19986
47,99,0,0,0,0,0,0,0,0,0,0
48,00,11446,118363,6679,64282,136865,1112287,4232911,1323422,2534944,4303694
48,11,0,0,0,0,0,0,0,0,0,0
48,21,77,1291,121,852,1547,36021,94964,14129,49989,99139
48,22,0,154,0,0,140,0,21575,0,0,17442
48,23,366,10895,805,7881,12541,12300,287088,61171,202285,301996
48,31-33,482,4368,1275,5876,5968,138057,377416,241289,424251,451148
48,42,483,4467,664,3532,7022,47004,171231,75089,173616,221529
48,44-45,826,9897,470,5976,12541,321606,712459,112484,484516,661886
48,48-49,413,3253,174,1942,3848,125339,229535,92437,153471,225916
48,51,276,2489,122,1085,2635,49618,124482,15823,66190,118614
48,52,843,7539,141,1430,8174,47149,244661,61611,73344,249373
48,53,442,7162,0,873,5808,9548,69425,0,11248,56714
48,54,3509,27201,1254,8555,29658,128346,376412,92786,145224,371640
48,55,156,1043,224,568,988,59344,150267,70628,111795,141277
48,56,695,7720,187,3425,7426,36554,373317,23932,99942,354606
48,61,0,1277,0,182,1715,0,17750,0,1600,15794
48,62,596,15837,884,12295,20321,6535,438764,135451,275400,471290
48,71,0,1387,0,263,1614,0,48101,0,8805,49627
48,72,0,6266,0,3990,7379,0,375193,0,142287,377087
48,81,97,5745,0,5671,7754,8317,77268,0,68180,102367
48,99,0,0,0,0,0,0,0,0,0,0
49,00,1812,20756,1320,11189,22668,120801,599546,160986,327477,594331
49,11,0,0,0,0,0,0,0,0,0,0
49,21,0,0,0,41,0,0,0,0,1443,0
49,22,0,0,0,0,0,0,0,0,0,0
49,23,0,2268,0,914,2484,0,33818,0,11966,35296
49,31-33,0,1036,297,1222,1328,0,58653,45113,61270,70700
49,42,72,642,162,623,968,5527,25618,10455,25714,33265
49,44-45,118,1802,142,1099,2237,31377,85628,7952,52215,76388
49,48-49,29,650,17,345,732,8803,49515,9609,39733,50965
49,51,42,637,23,182,580,8564,32077,3676,14861,39288
49,52,35,1444,23,21,1570,6307,44179,1155,1719,26050
49,53,0,1197,0,0,1216,0,3976,0,0,3534
49,54,593,4887,212,1477,4798,8357,50042,6082,19441,54698
49,55,15,133,0,32,180,1705,12181,0,4512,9747
49,56,0,1197,0,243,1120,0,96703,0,4759,89794
49,61,0,0,0,0,0,0,0,0,0,0
49,62,0,2385,0,2554,3078,0,43887,0,30374,44668
49,71,0,0,0,0,0,0,0,0,0,0
49,72,0,787,0,256,834,0,30383,0,7062,30751
49,81,0,279,0,492,593,0,1265,0,1651,3654
49,99,0,0,0,0,0,0,0,0,0,0
50,00,350,4509,325,2577,4895,8845,68660,12256,38961,63222
50,11,0,0,0,0,0,0,0,0,0,0
50,21,0,0,0,0,0,0,0,0,0,0
50,22,0,0,0,0,0,0,0,0,0,0
50,23,0,0,0,0,0,0,0,0,0,0
50,31-33,0,198,43,253,218,0,8237,5047,9534,9171
50,42,0,173,0,23,199,0,2649,0,716,3969
50,44-45,0,628,13,91,699,0,10903,644,3654,12777
50,48-49,0,42,0,0,20,0,920,0,0,1093
50,51,0,122,0,51,123,0,1969,0,1327,1900
50,52,0,378,13,0,377,0,5967,152,0,6563
50,53,0,0,0,0,0,0,0,0,0,0
50,54,68,956,0,331,1122,544,5774,0,2121,6820
50,55,0,0,0,0,0,0,0,0,0,0
50,56,0,128,0,0,0,0,1826,0,0,0
50,61,0,0,0,0,0,0,0,0,0,0
50,62,0,0,0,0,0,0,0,0,0,0
50,71,0,0,0,0,0,0,0,0,0,0
50,72,0,119,0,0,242,0,1737,0,0,5821
50,81,0,0,0,0,0,0,0,0,0,0
50,99,0,0,0,0,0,0,0,0,0,0
51,00,4028,42707,1974,20924,48857,345162,1368563,381390,735051,1329217
51,11,0,0,0,0,0,0,0,0,0,0
51,21,0,0,0,0,0,0,0,0,0,0
51,22,0,0,0,0,0,0,0,0,0,0
51,23,114,3918,52,2693,4627,5198,59503,5441,37245,53497
51,31-33,113,1548,352,1694,2037,28043,122089,75364,118092,125280
51,42,79,1616,243,996,1487,7766,48031,13984,30793,37508
51,44-45,242,3515,202,1762,4105,86078,217978,81974,130657,180549
51,48-49,17,918,32,512,955,14487,56882,19462,43062,50498
51,51,196,1054,55,278,1069,33952,67476,10265,32949,63113
51,52,140,1707,80,60,2746,22405,70918,13280,2039,89697
51,53,0,1834,0,0,1005,0,15468,0,0,12760
51,54,1522,8901,533,3433,13221,82091,197455,69135,87792,239195
51,55,50,467,50,167,443,8063,28294,6859,14702,28566
51,56,300,2749,60,1365,2411,15703,100393,10056,36760,107364
51,61,0,358,0,0,670,0,6054,0,0,9530
51,62,0,5011,0,3844,6414,0,133203,0,91919,134562
51,71,0,404,0,0,401,0,10552,0,0,12008
51,72,0,2870,0,1488,3306,0,124519,0,46450,122852
51,81,0,1643,0,1906,2398,0,26102,0,18239,29704
51,99,0,0,0,0,0,0,0,0,0,0
53,00,3521,45476,2834,24901,50750,329719,1279390,426029,814793,1283555
53,11,0,0,0,0,0,0,0,0,0,0
53,21,0,0,0,0,0,0,0,0,0,0
53,22,0,20,0,0,0,0,7200,0,0,0
53,23,0,4951,0,4272,5578,0,94988,0,69304,104506
53,31-33,89,2001,712,2301,2615,117300,194151,156777,200850,208443
53,42,160,2001,277,1348,2122,8293,41191,11310,29961,42442
53,44-45,167,3424,28,1603,3751,42859,171239,11955,88534,138214
53,48-49,114,1435,49,711,1543,11820,59864,10876,49472,60668
53,51,266,1339,61,488,1300,18241,61909,7419,22168,59205
53,52,330,2536,58,170,2709,5720,38892,3000,1188,38398
53,53,0,3001,0,259,3059,0,28511,0,758,27098
53,54,1119,11001,595,3299,11330,48085,163355,51437,97491,167298
53,55,22,161,50,113,323,1066,41877,29495,38816,40479
53,56,0,2156,0,1251,2239,0,61358,0,18480,54697
53,61,0,625,0,0,706,0,3975,0,0,5918
53,62,0,5773,0,4587,7353,0,156809,0,102390,166331
53,71,0,652,0,0,560,0,12545,0,0,6288
53,72,0,2799,0,1727,3182,0,108184,0,50032,116075
53,81,0,1873,0,1694,1791,0,15336,0,11996,18132
53,99,0,0,0,0,0,0,0,0,0,0
54,00,568,5150,362,3288,6988,49941,211901,56998,122976,206923
54,11,0,0,0,0,0,0,0,0,0,0
54,21,0,45,0,0,0,0,6749,0,0,0
54,22,0,0,0,0,0,0,0,0,0,0
54,23,0,0,0,0,172,0,0,0,0,1401
54,31-33,0,307,66,355,323,0,29261,18354,25034,26633
54,42,15,277,35,196,341,824,4675,1738,3429,4659
54,44-45,85,411,14,450,814,20210,45623,5030,29986,42150
54,48-49,0,89,0,0,106,0,2103,0,0,3836
54,51,0,67,0,16,78,0,2504,0,1300,2624
54,52,0,249,20,0,209,0,3706,461,0,1603
54,53,0,135,0,0,204,0,1129,0,0,1360
54,54,19,1014,22,264,1346,525,10199,426,2996,12815
54,55,0,73,0,0,0,0,684,0,0,0
54,56,0,122,0,0,164,0,5754,0,0,4917
54,61,0,0,0,0,0,0,0,0,0,0
54,62,0,429,0,238,640,0,17293,0,7511,13651
54,71,0,0,0,0,0,0,0,0,0,0
54,72,0,229,0,250,617,0,7173,0,7222,35507
54,81,0,0,0,0,303,0,0,0,0,1933
54,99,0,0,0,0,0,0,0,0,0,0
55,00,2975,29671,2996,18930,35689,289024,1063180,445032,744743,1161351
55,11,0,0,0,0,0,0,0,0,0,0
55,21,0,0,0,0,0,0,0,0,0,0
55,22,0,0,0,0,0,0,0,0,0,0
55,23,0,2706,0,2616,3431,0,33485,0,43411,56863
55,31-33,353,2241,1293,3118,3547,63653,209380,197895,236052,252441
55,42,203,2053,320,934,2041,14264,59898,14933,35941,69256
55,44-45,181,2933,281,1591,3601,67683,177023,55993,129995,186625
55,48-49,96,1089,112,542,1369,19914,64660,14788,41160,76108
55,51,15,377,0,182,520,16586,33057,0,8594,30945
55,52,444,2736,26,156,2846,48448,84816,29356,31431,77319
55,53,0,352,0,0,401,0,2850,0,0,1836
55,54,380,5080,332,1869,5479,6892,56723,6904,26067,59138
55,55,26,346,71,158,344,6266,37133,19988,28733,34814
55,56,212,953,125,800,1179,4173,50102,3150,12525,44111
55,61,0,0,0,0,0,0,0,0,0,0
55,62,0,2879,0,563,3393,0,76281,0,9147,75608
55,71,0,300,0,0,419,0,3556,0,0,5504
55,72,0,1784,0,1072,2454,0,53324,0,34751,73123
55,81,0,1413,0,2258,2737,0,12094,0,11682,19674
55,99,0,0,0,0,0,0,0,0,0,0
56,00,335,4126,274,2460,5118,18481,105839,17950,47150,93843
56,11,0,0,0,0,0,0,0,0,0,0
56,21,0,95,0,60,104,0,7493,0,3190,7692
56,22,0,0,0,0,0,0,0,0,0,0
56,23,0,174,0,0,262,0,4747,0,0,1895
56,31-33,0,130,0,102,92,0,5170,0,3287,3399
56,42,0,70,0,75,101,0,2330,0,2308,2505
56,44-45,0,344,0,327,744,0,14989,0,6171,16921
56,48-49,0,119,0,73,100,0,4035,0,3256,3844
56,51,0,86,0,0,77,0,1165,0,0,1119
56,52,0,20,0,0,239,0,1039,0,0,3391
56,53,0,123,0,0,199,0,624,0,0,1516
56,54,0,536,0,212,1014,0,2434,0,2060,4130
56,55,0,0,0,0,0,0,0,0,0,0
56,56,0,0,0,0,0,0,0,0,0,0
56,61,0,0,0,0,0,0,0,0,0,0
56,62,0,0,0,0,219,0,0,0,0,2300
56,71,0,0,0,0,0,0,0,0,0,0
56,72,0,0,0,0,78,0,0,0,0,1724
56,81,0,0,0,0,0,0,0,0,0,0
56,99,0,0,0,0,0,0,0,0,0,0
